Timestamp,Open,High,Low,Close,Volume,Close_time,Quote_asset_volume,Number_of_trades,Taker_buy_base,Taker_buy_quote,Ignore
1748736000000,104591.88000000,104647.11000000,104320.02000000,104446.49000000,293.78295000,1748739599999,30688862.20908260,81426,131.48518000,13734263.47444880,0
1748739600000,104446.49000000,104505.58000000,103991.37000000,104126.07000000,466.13267000,1748743199999,48597321.05228810,86577,153.68227000,16026390.67633320,0
1748743200000,104126.08000000,104324.21000000,103924.52000000,104195.12000000,313.34738000,1748746799999,32628297.36497210,78286,159.68914000,16630529.97330230,0
1748746800000,104195.13000000,104464.10000000,103971.70000000,104381.03000000,259.25466000,1748750399999,27014129.68854010,59060,158.29551000,16498119.39629630,0
1748750400000,104381.03000000,104729.99000000,104360.90000000,104633.16000000,272.61866000,1748753999999,28503769.20343810,51894,152.97780000,15993219.07479500,0
1748754000000,104633.16000000,104714.29000000,104450.00000000,104536.57000000,214.06083000,1748757599999,22392766.71006080,39907,100.73323000,10538226.40068970,0
1748757600000,104536.57000000,104536.58000000,104195.12000000,104258.93000000,257.26107000,1748761199999,26843395.91883380,59936,102.04746000,10646333.61197280,0
1748761200000,104258.93000000,104370.38000000,104202.48000000,104275.95000000,191.32180000,1748764799999,19951009.90648020,41555,99.23189000,10347839.78604230,0
1748764800000,104275.95000000,104386.60000000,104220.70000000,104386.60000000,247.34836000,1748768399999,25796391.34818410,48734,136.94903000,14282720.67450390,0
1748768400000,104386.60000000,104459.07000000,103752.49000000,103934.34000000,679.61906000,1748771999999,70671954.64443130,158481,242.40663000,25206862.63632760,0
1748772000000,103934.35000000,104040.52000000,103773.69000000,103930.99000000,302.13053000,1748775599999,31392765.45749010,74097,147.41842000,15317680.32926660,0
1748775600000,103930.98000000,104152.24000000,103845.46000000,104082.68000000,286.47453000,1748779199999,29801476.92049330,54950,167.24245000,17397517.03711700,0
1748779200000,104082.67000000,104190.48000000,103783.01000000,103956.26000000,354.08075000,1748782799999,36820595.17278340,63820,188.06267000,19561006.71919100,0
1748782800000,103956.25000000,104424.64000000,103951.61000000,104259.20000000,323.14616000,1748786399999,33684611.70746210,72939,175.29248000,18270693.36155070,0
1748786400000,104259.19000000,104773.59000000,104259.19000000,104599.70000000,782.69419000,1748789999999,81882684.99025310,122857,381.66764000,39925095.80656060,0
1748790000000,104599.70000000,104809.53000000,104502.99000000,104715.10000000,409.06118000,1748793599999,42824799.38657390,74103,179.45948000,18788236.21411760,0
1748793600000,104715.10000000,105299.21000000,104659.47000000,105038.80000000,1174.85040000,1748797199999,123464322.88067470,163128,591.08572000,62109997.73151400,0
1748797200000,105038.80000000,105192.99000000,104986.20000000,105066.33000000,319.00519000,1748800799999,33522674.18629170,66223,126.70809000,13315963.80871680,0
1748800800000,105066.34000000,105066.34000000,104319.79000000,104900.01000000,575.53740000,1748804399999,60264914.09137680,121830,275.58897000,28858471.17320910,0
1748804400000,104900.01000000,105156.73000000,104805.44000000,105121.94000000,361.59685000,1748807999999,37964676.28089640,71578,168.02083000,17640911.45294560,0
1748808000000,105121.95000000,105300.00000000,104893.72000000,104948.91000000,324.69341000,1748811599999,34125381.59830510,60800,144.75860000,15217105.26258610,0
1748811600000,104948.91000000,105504.67000000,104926.82000000,105496.54000000,414.58616000,1748815199999,43637577.41463890,68691,227.65069000,23956435.21562110,0
1748815200000,105496.54000000,105737.84000000,105414.63000000,105512.18000000,474.08063000,1748818799999,50049837.19428120,120760,208.90746000,22054667.31286450,0
1748818800000,105512.17000000,105866.91000000,105466.39000000,105642.93000000,413.01524000,1748822399999,43664271.62276770,97727,220.98906000,23365179.80481170,0
1748822400000,105642.93000000,105735.42000000,105404.31000000,105427.48000000,432.43804000,1748825999999,45644388.03464300,124446,192.02670000,20268734.77003200,0
1748826000000,105427.48000000,105658.38000000,105349.63000000,105388.59000000,368.13444000,1748829599999,38824917.17069290,69135,175.85592000,18545169.16980070,0
1748829600000,105388.58000000,105414.64000000,105019.05000000,105026.98000000,500.23301000,1748833199999,52630972.97373380,82762,261.14626000,27475207.04165600,0
1748833200000,105026.97000000,105055.10000000,104571.42000000,104829.27000000,586.76964000,1748836799999,61514191.44591680,91452,264.23156000,27699390.88452070,0
1748836800000,104829.27000000,104997.06000000,104700.03000000,104765.48000000,262.60797000,1748840399999,27542460.87381350,54803,102.82939000,10783347.71230600,0
1748840400000,104765.48000000,104918.04000000,104610.13000000,104833.79000000,244.85997000,1748843999999,25653810.13295170,54800,107.78251000,11292367.75092600,0
1748844000000,104833.79000000,105266.87000000,104732.38000000,105162.38000000,470.58034000,1748847599999,49416114.32496270,75831,248.44976000,26093784.10533880,0
1748847600000,105162.39000000,105438.87000000,105162.38000000,105387.67000000,346.57956000,1748851199999,36501986.09379960,91612,178.31642000,18781052.07524150,0
1748851200000,105387.67000000,105935.63000000,105241.18000000,105328.43000000,705.16393000,1748854799999,74459378.69329560,140780,329.47150000,34797223.37414310,0
1748854800000,105328.43000000,105335.99000000,104483.64000000,104585.36000000,998.93630000,1748858399999,104697169.97378040,172301,422.16262000,44233829.20959060,0
1748858400000,104585.37000000,104660.00000000,104254.71000000,104370.85000000,704.18464000,1748861999999,73529129.66392560,135516,328.78417000,34330648.54518800,0
1748862000000,104370.85000000,104487.82000000,103941.00000000,104047.64000000,725.62490000,1748865599999,75610914.83978540,122904,314.46808000,32778254.99888660,0
1748865600000,104047.63000000,104281.98000000,103862.50000000,104200.32000000,696.19227000,1748869199999,72428407.75472190,126313,381.63249000,39706336.15580140,0
1748869200000,104200.32000000,104570.57000000,103700.00000000,103800.00000000,1053.66155000,1748872799999,109662944.94634730,230769,494.03273000,51450126.78168380,0
1748872800000,103799.99000000,104679.25000000,103659.88000000,104176.62000000,1127.64518000,1748876399999,117529936.93586370,295549,648.78513000,67624310.22313650,0
1748876400000,104176.61000000,104565.32000000,103905.10000000,104438.79000000,580.04610000,1748879999999,60486352.66374090,169893,291.87302000,30440342.65614400,0
1748880000000,104438.79000000,104450.01000000,104030.01000000,104286.06000000,501.02384000,1748883599999,52218613.86291080,143381,251.47437000,26209510.47732760,0
1748883600000,104286.06000000,104490.57000000,104095.23000000,104399.89000000,372.61381000,1748887199999,38866091.71355280,127480,159.04760000,16589763.04626400,0
1748887200000,104399.89000000,104731.95000000,104200.00000000,104361.54000000,367.55001000,1748890799999,38382363.78607670,127966,169.63533000,17715640.03701030,0
1748890800000,104361.54000000,104510.96000000,104050.96000000,104425.63000000,339.86150000,1748894399999,35448015.66837500,91402,141.64243000,14772226.37521410,0
1748894400000,104425.64000000,104995.93000000,104425.64000000,104878.62000000,440.97656000,1748897999999,46210808.34117600,99964,231.76383000,24289896.03609380,0
1748898000000,104878.61000000,105096.66000000,104575.37000000,104942.00000000,303.58011000,1748901599999,31837525.21149790,83853,135.65739000,14228367.37536130,0
1748901600000,104941.99000000,105800.00000000,104941.99000000,105695.49000000,784.02023000,1748905199999,82694237.61783360,172139,397.96703000,41964341.39674620,0
1748905200000,105695.50000000,105931.44000000,105575.47000000,105857.99000000,540.70423000,1748908799999,57213474.26297570,112605,265.61873000,28107956.41600420,0
1748908800000,105858.00000000,106400.00000000,105747.14000000,106285.72000000,752.61041000,1748912399999,79877191.92681710,179584,415.30269000,44081934.47026630,0
1748912400000,106285.72000000,106488.00000000,106110.53000000,106481.75000000,485.10480000,1748915999999,51556044.05232640,105400,221.77678000,23576292.59196680,0
1748916000000,106481.76000000,106500.00000000,105577.36000000,105612.46000000,691.63486000,1748919599999,73318917.63315130,106158,272.24658000,28858715.67780010,0
1748919600000,105612.47000000,105712.72000000,105340.18000000,105482.02000000,441.33737000,1748923199999,46574116.98967040,77344,233.29691000,24620482.42176470,0
1748923200000,105482.03000000,105513.02000000,105116.20000000,105166.92000000,433.84543000,1748926799999,45680694.01811240,55907,156.41913000,16467127.92311070,0
1748926800000,105166.93000000,105472.10000000,105166.92000000,105452.08000000,465.42429000,1748930399999,49024525.31778730,63575,261.39449000,27534920.95142250,0
1748930400000,105452.09000000,105463.19000000,105218.00000000,105429.67000000,497.04209000,1748933999999,52357030.78672070,53184,259.95948000,27385816.13394700,0
1748934000000,105429.67000000,105438.02000000,105161.84000000,105170.75000000,412.13809000,1748937599999,43393891.08678930,49870,160.89186000,16941684.56263540,0
1748937600000,105170.76000000,105245.29000000,104872.50000000,105094.93000000,579.75676000,1748941199999,60884906.64034180,79855,240.13804000,25219530.73474700,0
1748941200000,105094.93000000,105284.74000000,105067.74000000,105198.11000000,353.48130000,1748944799999,37178643.60363900,43032,198.81469000,20911916.83241580,0
1748944800000,105198.12000000,105343.01000000,105146.99000000,105280.99000000,376.17348000,1748948399999,39599267.25597990,40092,189.71592000,19972664.21921720,0
1748948400000,105281.00000000,105349.94000000,105173.87000000,105287.24000000,272.00092000,1748951999999,28629257.24881940,42424,164.37356000,17299722.35143870,0
1748952000000,105287.24000000,105425.38000000,105224.25000000,105307.94000000,404.97079000,1748955599999,42655130.69809580,63682,252.91067000,26639972.95934270,0
1748955600000,105307.94000000,105666.67000000,105031.60000000,105421.55000000,737.70303000,1748959199999,77749580.91182410,178631,377.54433000,39796607.17024860,0
1748959200000,105421.54000000,106692.43000000,105150.94000000,106550.01000000,1681.31099000,1748962799999,178213049.16090940,293133,823.24390000,87300564.30948320,0
1748962800000,106550.01000000,106794.67000000,106333.33000000,106610.66000000,1120.18715000,1748966399999,119378729.08471770,184586,520.34638000,55449729.17644220,0
1748966400000,106610.66000000,106666.67000000,105800.00000000,105817.63000000,798.97951000,1748969999999,84896440.24522270,154082,288.75497000,30696358.12081870,0
1748970000000,105817.63000000,106142.86000000,105758.25000000,105943.98000000,392.12835000,1748973599999,41543424.74878480,119450,194.40873000,20598074.57775320,0
1748973600000,105943.99000000,106047.62000000,105592.17000000,106013.15000000,412.44980000,1748977199999,43635475.00689650,102581,183.75343000,19442737.38025070,0
1748977200000,106013.15000000,106428.58000000,106013.15000000,106238.81000000,403.87736000,1748980799999,42900755.05177850,100009,199.52244000,21194001.56877380,0
1748980800000,106238.81000000,106254.92000000,105353.50000000,105738.69000000,512.78907000,1748984399999,54234767.94906170,121230,204.69447000,21643851.46915990,0
1748984400000,105738.70000000,105847.71000000,105274.95000000,105367.93000000,366.43282000,1748987999999,38664958.42715290,92428,157.06773000,16574642.05233930,0
1748988000000,105367.92000000,105902.93000000,105308.00000000,105743.74000000,299.07218000,1748991599999,31621692.58168960,84042,156.42333000,16539402.06440320,0
1748991600000,105743.74000000,105743.74000000,105266.02000000,105376.89000000,369.07549000,1748995199999,38925256.17303310,80419,127.22385000,13414177.10437490,0
1748995200000,105376.90000000,105524.96000000,105132.27000000,105476.20000000,493.99756000,1748998799999,52044195.19779490,99933,217.48886000,22916684.43194980,0
1748998800000,105476.20000000,105740.00000000,105422.59000000,105592.90000000,442.93676000,1749002399999,46768903.26667340,94464,196.19183000,20715219.37582680,0
1749002400000,105592.90000000,105839.63000000,105415.09000000,105476.22000000,250.94227000,1749005999999,26510116.86427470,75239,104.27424000,11017551.66620630,0
1749006000000,105476.22000000,105745.29000000,105444.32000000,105519.27000000,280.68523000,1749009599999,29647230.83233520,63190,131.98147000,13940543.58058290,0
1749009600000,105519.26000000,105611.96000000,105404.25000000,105407.05000000,264.21374000,1749013199999,27875054.14567760,51107,119.38982000,12595382.28440380,0
1749013200000,105407.06000000,105549.03000000,105340.66000000,105354.14000000,1117.59375000,1749016799999,117822921.41010350,76176,519.35171000,54770395.92786020,0
1749016800000,105354.14000000,105436.64000000,105250.00000000,105301.02000000,613.59890000,1749020399999,64639123.60060660,56173,430.46413000,45350114.94501990,0
1749020400000,105301.03000000,105469.00000000,105264.23000000,105320.75000000,247.91386000,1749023999999,26115060.98884390,43557,128.93041000,13581045.64765040,0
1749024000000,105320.75000000,105585.45000000,105320.75000000,105435.93000000,351.33591000,1749027599999,37050099.61336830,48862,167.29887000,17643022.21474090,0
1749027600000,105435.93000000,105919.26000000,105329.54000000,105825.31000000,986.00175000,1749031199999,104144228.86440620,85060,714.26603000,75451439.00678050,0
1749031200000,105825.31000000,106000.00000000,105650.96000000,105705.13000000,390.95549000,1749034799999,41355189.36128260,71047,250.43364000,26490050.87796180,0
1749034800000,105705.13000000,105820.04000000,105080.26000000,105084.36000000,2112.47110000,1749038399999,222673104.05800160,141487,978.46562000,103260720.24938060,0
1749038400000,105084.36000000,105157.27000000,104794.50000000,105039.19000000,887.65828000,1749041999999,93216328.40252660,122967,441.11560000,46323571.87273940,0
1749042000000,105039.20000000,105272.30000000,104720.00000000,104761.17000000,633.64563000,1749045599999,66519478.63710460,148939,341.20296000,35823835.87942310,0
1749045600000,104761.17000000,105045.79000000,104179.00000000,105033.30000000,1446.23210000,1749049199999,151246072.58749670,231685,760.41767000,79552875.02354310,0
1749049200000,105033.30000000,105542.00000000,104928.65000000,105298.27000000,938.94287000,1749052799999,98888525.20707800,186573,426.59566000,44926361.16914060,0
1749052800000,105298.26000000,105464.85000000,105094.00000000,105445.89000000,468.85884000,1749056399999,49367417.22255480,107174,159.05686000,16747481.87836650,0
1749056400000,105445.90000000,105483.14000000,104963.64000000,105051.10000000,399.33188000,1749059999999,42007490.96838050,99908,155.32224000,16342970.54441430,0
1749060000000,105051.11000000,105300.00000000,104920.01000000,104951.54000000,301.21483000,1749063599999,31667138.71991180,79222,118.10936000,12417581.58618550,0
1749063600000,104951.54000000,105079.99000000,104865.25000000,104913.52000000,282.68857000,1749067199999,29674510.56005160,85460,136.97834000,14378800.34783960,0
1749067200000,104913.52000000,104959.64000000,104407.16000000,104609.87000000,484.36457000,1749070799999,50690651.66406280,101207,168.01032000,17584250.74859320,0
1749070800000,104609.88000000,105045.79000000,104549.83000000,104930.61000000,304.21199000,1749074399999,31890272.76416890,76072,170.06550000,17827579.17594610,0
1749074400000,104930.61000000,105034.91000000,104744.18000000,104775.36000000,158.79559000,1749077999999,16651878.08323360,76971,70.11005000,7351496.93229030,0
1749078000000,104775.37000000,104864.50000000,104625.15000000,104696.86000000,176.30335000,1749081599999,18463489.34893970,51991,74.42791000,7794782.05173820,0
1749081600000,104696.86000000,104976.75000000,104651.16000000,104976.74000000,242.65293000,1749085199999,25439565.56905630,71690,112.64799000,11808798.62849660,0
1749085200000,104976.75000000,105155.55000000,104697.84000000,104774.92000000,288.56241000,1749088799999,30282982.57712860,63227,92.07362000,9665271.74542190,0
1749088800000,104774.92000000,105240.84000000,104774.92000000,104989.48000000,396.55703000,1749092399999,41660301.24615470,72840,177.10852000,18607865.06746820,0
1749092400000,104989.48000000,105064.95000000,104880.20000000,105047.15000000,198.77038000,1749095999999,20865058.59003840,59398,86.36049000,9065330.11390000,0
1749096000000,105047.15000000,105226.14000000,105032.95000000,105173.71000000,182.65610000,1749099599999,19204234.54913230,40926,82.89854000,8715909.19228160,0
1749099600000,105173.72000000,105189.22000000,104570.43000000,104649.23000000,673.16476000,1749103199999,70549654.97715280,83341,302.84648000,31761773.97203380,0
1749103200000,104649.22000000,104696.73000000,104380.00000000,104452.93000000,416.36718000,1749106799999,43518703.59762390,66150,180.55790000,18871158.40744110,0
1749106800000,104452.94000000,104636.46000000,104424.52000000,104518.05000000,321.50806000,1749110399999,33610842.81127870,53058,150.48206000,15731098.07599700,0
1749110400000,104518.05000000,104681.28000000,104424.52000000,104675.36000000,277.44002000,1749113999999,29018803.42605620,51589,121.58350000,12717655.53756130,0
1749114000000,104675.36000000,104920.00000000,104675.35000000,104900.00000000,298.63026000,1749117599999,31293720.61125730,42236,140.87083000,14762814.44236390,0
1749117600000,104900.00000000,104900.01000000,104517.43000000,104659.24000000,304.88123000,1749121199999,31915947.50188950,51522,130.25024000,13634244.14459240,0
1749121200000,104659.25000000,104847.52000000,104551.64000000,104827.80000000,180.80524000,1749124799999,18933996.58429800,45013,71.70011000,7509080.79605070,0
1749124800000,104827.79000000,105776.99000000,104790.69000000,105649.59000000,1029.99302000,1749128399999,108575807.56995280,141664,584.56676000,61598820.59477920,0
1749128400000,105649.60000000,105909.71000000,104303.64000000,104527.00000000,1449.94992000,1749131999999,152518030.94141610,245240,564.59035000,59423554.70998440,0
1749132000000,104527.00000000,104927.79000000,103900.00000000,104639.20000000,1874.15172000,1749135599999,195513729.66956250,326539,882.49522000,92084802.31922270,0
1749135600000,104639.21000000,104871.31000000,104330.18000000,104531.49000000,713.68921000,1749139199999,74683891.80176390,144035,343.30610000,35922094.23292910,0
1749139200000,104531.50000000,104598.87000000,103258.00000000,103262.53000000,1390.74350000,1749142799999,144427776.20228810,310912,499.15213000,51849717.97624670,0
1749142800000,103262.54000000,103581.40000000,103140.00000000,103240.04000000,962.55375000,1749146399999,99499965.35024710,215972,459.39577000,47484267.07200020,0
1749146400000,103240.04000000,103354.56000000,102581.56000000,103006.05000000,1385.84959000,1749149999999,142726072.98315720,276902,589.70445000,60732776.23175410,0
1749150000000,103006.04000000,103036.91000000,101596.62000000,101914.77000000,2448.38476000,1749153599999,250052229.64454070,411784,1063.51273000,108596947.15159710,0
1749153600000,101914.76000000,102171.44000000,100372.26000000,100483.91000000,3383.41936000,1749157199999,342297202.64973130,522447,1352.90230000,136933365.98577800,0
1749157200000,100483.92000000,101658.17000000,100428.00000000,101542.82000000,2188.11746000,1749160799999,221153503.94053020,369636,1173.37763000,118623389.94577680,0
1749160800000,101542.82000000,101707.77000000,101029.46000000,101502.61000000,949.97233000,1749164399999,96311093.22700130,169751,473.00033000,47961453.42548850,0
1749164400000,101502.61000000,101835.70000000,101488.37000000,101508.68000000,762.68132000,1749167999999,77514776.50928680,127423,369.97614000,37606327.27354580,0
1749168000000,101508.69000000,101907.00000000,101095.80000000,101900.77000000,874.39109000,1749171599999,88722302.36239940,178885,474.77282000,48188741.06285590,0
1749171600000,101900.77000000,101944.89000000,101681.77000000,101841.20000000,378.25915000,1749175199999,38526098.95740710,88701,192.89553000,19646099.36739040,0
1749175200000,101841.19000000,102208.28000000,101535.61000000,102203.52000000,725.19187000,1749178799999,73842930.59705780,101470,408.14204000,41554760.53233290,0
1749178800000,102203.53000000,102520.00000000,102056.23000000,102493.30000000,774.57977000,1749182399999,79246099.34298660,94171,441.42467000,45160971.47610060,0
1749182400000,102493.30000000,102799.23000000,102387.38000000,102777.00000000,593.04470000,1749185999999,60829038.27678880,92597,250.40517000,25686628.00317230,0
1749186000000,102777.01000000,102954.24000000,102683.22000000,102954.24000000,461.43449000,1749189599999,47444789.29750950,64104,195.09725000,20061489.14938370,0
1749189600000,102954.23000000,103210.06000000,102896.10000000,103160.00000000,638.68853000,1749193199999,65823315.48926280,84803,313.14772000,32271871.48767810,0
1749193200000,103160.00000000,103468.66000000,103050.90000000,103150.44000000,585.47496000,1749196799999,60422711.43909320,75304,289.83961000,29913160.03437360,0
1749196800000,103150.44000000,103589.00000000,103150.43000000,103510.25000000,492.04854000,1749200399999,50887453.03811850,86365,198.14393000,20489934.17003430,0
1749200400000,103510.25000000,103750.00000000,103510.24000000,103643.98000000,621.57206000,1749203999999,64415278.75133120,91440,286.49256000,29688245.29735880,0
1749204000000,103643.99000000,103800.00000000,103553.31000000,103676.25000000,580.32136000,1749207599999,60176344.99002160,74492,248.22327000,25739914.91901700,0
1749207600000,103676.24000000,103991.45000000,103643.78000000,103927.99000000,524.28446000,1749211199999,54434393.96957350,72287,276.28795000,28683784.89509060,0
1749211200000,103927.99000000,104300.00000000,103513.70000000,103753.27000000,1382.80380000,1749214799999,143755861.68077760,195697,643.93501000,66949515.54389040,0
1749214800000,103753.26000000,104529.65000000,103753.26000000,104098.84000000,950.84579000,1749218399999,99051307.80597720,203950,471.32474000,49110069.30019950,0
1749218400000,104098.84000000,104880.88000000,104004.83000000,104776.70000000,991.71953000,1749221999999,103649599.46462690,213472,515.23505000,53863424.83610160,0
1749222000000,104776.70000000,105333.00000000,104616.12000000,105092.28000000,1335.00321000,1749225599999,140089919.94823760,251168,698.21412000,73292343.20578800,0
1749225600000,105092.28000000,105284.00000000,104708.08000000,104758.27000000,1057.73280000,1749229199999,111095377.22729580,150468,426.34868000,44772679.07000870,0
1749229200000,104758.28000000,104975.47000000,104390.18000000,104922.14000000,761.70730000,1749232799999,79699075.57235150,144694,341.74044000,35765610.44680370,0
1749232800000,104922.14000000,104982.38000000,104475.93000000,104497.69000000,373.48505000,1749236399999,39083806.59486620,101436,192.68130000,20162365.44453590,0
1749236400000,104497.69000000,104601.87000000,104013.21000000,104219.80000000,569.98192000,1749239999999,59450844.85876920,109268,189.96792000,19821667.55982370,0
1749240000000,104219.80000000,104617.56000000,104167.98000000,104478.07000000,332.96273000,1749243599999,34759515.69983400,84273,195.72759000,20433183.56009300,0
1749243600000,104478.07000000,104488.38000000,104300.00000000,104386.29000000,362.26650000,1749247199999,37813912.27680120,51672,209.17926000,21833629.53282310,0
1749247200000,104386.29000000,104485.91000000,104232.55000000,104476.81000000,240.44272000,1749250799999,25086295.83866150,53022,106.06936000,11066360.85111030,0
1749250800000,104476.82000000,104487.28000000,104193.32000000,104288.44000000,230.83152000,1749254399999,24076131.45582660,45588,90.31080000,9419371.68982710,0
1749254400000,104288.43000000,104511.69000000,103871.09000000,104511.69000000,440.68115000,1749257999999,45906248.57836140,94820,225.06933000,23453306.32803090,0
1749258000000,104511.68000000,104567.89000000,104348.83000000,104453.56000000,211.20170000,1749261599999,22060628.46025090,72834,105.60182000,11030289.06603280,0
1749261600000,104453.55000000,104611.68000000,104328.18000000,104531.57000000,266.07012000,1749265199999,27789238.71333690,52999,141.54625000,14783354.25159130,0
1749265200000,104531.58000000,104910.77000000,104484.52000000,104871.58000000,482.21131000,1749268799999,50509131.49200800,95495,258.80758000,27107624.52279000,0
1749268800000,104871.59000000,104880.32000000,104643.62000000,104819.99000000,263.09442000,1749272399999,27559206.84742900,43329,87.24163000,9138384.82238770,0
1749272400000,104820.00000000,105000.00000000,104751.16000000,104877.36000000,292.29171000,1749275999999,30647379.78013810,38528,142.55157000,14946479.09082580,0
1749276000000,104877.37000000,105319.00000000,104788.31000000,105316.37000000,409.73016000,1749279599999,43034449.52600480,59675,259.91169000,27305184.27535910,0
1749279600000,105316.36000000,105319.13000000,104834.27000000,104867.04000000,343.94832000,1749283199999,36111347.26254050,56883,124.43725000,13062267.10779160,0
1749283200000,104867.03000000,104966.69000000,104689.81000000,104746.44000000,233.72481000,1749286799999,24503281.96816760,41873,61.70924000,6469134.13623040,0
1749286800000,104746.44000000,104942.02000000,104746.43000000,104848.09000000,208.46137000,1749290399999,21859738.79820770,39990,86.01367000,9020241.43270810,0
1749290400000,104848.09000000,105198.58000000,104840.29000000,105145.84000000,355.28954000,1749293999999,37324476.93722680,68782,140.63845000,14772656.96773260,0
1749294000000,105145.83000000,105264.00000000,105050.04000000,105150.01000000,382.87799000,1749297599999,40267746.01324160,54664,162.78594000,17119296.64427760,0
1749297600000,105150.01000000,105702.99000000,105150.00000000,105465.21000000,1059.92731000,1749301199999,111693091.12253940,93050,648.36354000,68321079.27702830,0
1749301200000,105465.22000000,105800.00000000,105309.56000000,105610.52000000,478.46327000,1749304799999,50511145.15777190,77060,239.22011000,25254214.47626710,0
1749304800000,105610.53000000,105688.40000000,105394.48000000,105431.61000000,394.99404000,1749308399999,41680846.74460030,73077,154.71077000,16326318.67897580,0
1749308400000,105431.61000000,105577.18000000,105316.98000000,105558.11000000,264.34496000,1749311999999,27880800.78071680,64459,108.47799000,11440862.26931590,0
1749312000000,105558.11000000,105666.66000000,105279.06000000,105350.68000000,279.15265000,1749315599999,29447478.53115950,54544,109.50533000,11554044.95079910,0
1749315600000,105350.68000000,105558.62000000,105350.00000000,105393.21000000,183.64973000,1749319199999,19367439.79956940,40094,68.15978000,7187846.11207660,0
1749319200000,105393.21000000,105884.46000000,105393.20000000,105599.99000000,712.93146000,1749322799999,75340975.52574410,82506,345.87521000,36552374.46900470,0
1749322800000,105599.99000000,105871.33000000,105599.99000000,105725.91000000,360.31008000,1749326399999,38100954.97895660,48993,164.48860000,17391767.61528310,0
1749326400000,105725.91000000,105900.00000000,105725.90000000,105846.98000000,192.22857000,1749329999999,20345153.96740270,37159,115.50378000,12224265.04377110,0
1749330000000,105846.98000000,105865.43000000,105707.39000000,105764.64000000,139.73285000,1749333599999,14784687.98190940,28799,55.54711000,5876983.33087690,0
1749333600000,105764.63000000,105900.00000000,105664.00000000,105820.51000000,179.86110000,1749337199999,19031026.61883260,43832,96.72802000,10235012.89422690,0
1749337200000,105820.52000000,105820.52000000,105534.88000000,105552.15000000,209.75344000,1749340799999,22158905.36870710,39049,67.12446000,7091211.42788780,0
1749340800000,105552.15000000,105654.95000000,105441.86000000,105473.21000000,278.41728000,1749344399999,29377918.41526000,39961,116.12246000,12253663.10903370,0
1749344400000,105473.22000000,105786.33000000,105400.57000000,105690.33000000,312.19485000,1749347999999,32950160.12819970,42595,194.82691000,20558731.87218500,0
1749348000000,105690.32000000,105690.33000000,105441.86000000,105441.87000000,301.18228000,1749351599999,31778738.80253700,44639,173.75367000,18331989.08849230,0
1749351600000,105441.86000000,105500.00000000,105394.03000000,105471.59000000,192.88835000,1749355199999,20337626.46265650,27015,81.01434000,8542104.49281180,0
1749355200000,105471.59000000,105636.53000000,105408.38000000,105614.38000000,151.52478000,1749358799999,15989205.48849590,30977,77.46697000,8175251.20216210,0
1749358800000,105614.37000000,105653.13000000,105412.76000000,105438.34000000,148.53573000,1749362399999,15675317.76569940,25205,64.01458000,6755905.56305390,0
1749362400000,105438.34000000,105599.32000000,105432.96000000,105442.87000000,155.65979000,1749365999999,16424522.78503170,29225,75.14391000,7928864.43932390,0
1749366000000,105442.88000000,105556.15000000,105410.23000000,105426.45000000,167.34238000,1749369599999,17648069.43896690,30276,61.80777000,6518391.17098390,0
1749369600000,105426.46000000,105495.99000000,105367.88000000,105373.81000000,192.70501000,1749373199999,20319223.37396160,28972,90.10687000,9501217.63994740,0
1749373200000,105373.82000000,105405.80000000,105075.51000000,105140.01000000,497.00351000,1749376799999,52305729.61761020,73238,234.81807000,24711028.40263820,0
1749376800000,105140.00000000,105481.24000000,104964.14000000,105357.64000000,605.73110000,1749380399999,63755946.59879890,74130,364.35580000,38359317.50314460,0
1749380400000,105357.64000000,105720.94000000,105357.63000000,105686.71000000,376.57336000,1749383999999,39754765.82628090,61934,251.34219000,26532488.03160810,0
1749384000000,105686.71000000,105773.60000000,105520.25000000,105721.50000000,711.67090000,1749387599999,75181989.70081440,88516,528.95356000,55880090.21916330,0
1749387600000,105721.50000000,106160.19000000,105577.36000000,105627.90000000,891.02348000,1749391199999,94290874.45107640,102039,618.86156000,65494848.17308000,0
1749391200000,105627.90000000,105910.17000000,105577.36000000,105829.66000000,258.38147000,1749394799999,27319452.87085120,71982,115.13452000,12172180.40005910,0
1749394800000,105829.66000000,106095.85000000,105818.18000000,105984.52000000,339.90570000,1749398399999,36021539.34270820,57713,166.45404000,17639753.97348570,0
1749398400000,105984.53000000,106320.77000000,105943.91000000,106189.99000000,430.64590000,1749401999999,45715319.76373470,86197,240.28605000,25508847.18230630,0
1749402000000,106190.00000000,106360.00000000,106081.59000000,106082.95000000,300.04690000,1749405599999,31876607.33997850,56835,122.22467000,12986590.02729680,0
1749405600000,106082.95000000,106325.59000000,106020.46000000,106317.70000000,214.12634000,1749409199999,22745544.81038690,40661,95.34743000,10127047.11161910,0
1749409200000,106317.71000000,106335.90000000,106180.85000000,106289.99000000,155.14719000,1749412799999,16488921.24844390,23446,74.48436000,7915540.38070080,0
1749412800000,106289.99000000,106319.92000000,106118.72000000,106147.66000000,273.99242000,1749416399999,29119027.28384470,28139,140.06386000,14885551.01948750,0
1749416400000,106147.65000000,106488.14000000,106147.65000000,106331.92000000,236.61843000,1749419999999,25154577.57112160,39614,139.44778000,14822480.86780960,0
1749420000000,106331.92000000,106360.85000000,105674.70000000,105770.55000000,441.89266000,1749423599999,46817307.65488690,105731,195.92115000,20758399.12723360,0
1749423600000,105770.55000000,105775.99000000,105545.71000000,105734.00000000,414.85324000,1749427199999,43838742.68695150,86114,139.47014000,14738225.09069730,0
1749427200000,105734.01000000,105966.33000000,105581.44000000,105706.34000000,642.30292000,1749430799999,67917198.57791010,142208,264.71255000,27990735.14990260,0
1749430800000,105706.34000000,105740.90000000,105427.53000000,105527.71000000,390.41065000,1749434399999,41223740.88911700,73161,125.42923000,13243594.94492440,0
1749434400000,105527.71000000,105724.76000000,105475.48000000,105560.89000000,237.10673000,1749437999999,25041609.01429020,53725,105.89858000,11184393.16575360,0
1749438000000,105560.90000000,105700.37000000,105318.37000000,105659.13000000,525.22940000,1749441599999,55410644.11085620,56390,288.94061000,30484472.15555210,0
1749441600000,105659.14000000,105717.30000000,105428.02000000,105449.21000000,501.62589000,1749445199999,52984624.45814530,44021,244.91035000,25867973.41477950,0
1749445200000,105449.21000000,105522.87000000,105325.60000000,105379.11000000,319.63601000,1749448799999,33694073.05458460,44899,140.44812000,14804441.38063120,0
1749448800000,105379.12000000,105692.84000000,105319.00000000,105692.83000000,454.58589000,1749452399999,47967342.69462840,48833,202.35422000,21356731.53494950,0
1749452400000,105692.84000000,105692.84000000,105500.00000000,105560.71000000,194.49207000,1749455999999,20534943.50944420,36202,65.99892000,6967693.07628610,0
1749456000000,105560.71000000,105949.09000000,105473.57000000,105926.39000000,461.10180000,1749459599999,48736117.62723780,56773,290.32295000,30692760.28512300,0
1749459600000,105926.40000000,106888.00000000,105832.00000000,106612.52000000,1140.00074000,1749463199999,121347996.20008840,135551,754.46546000,80314972.53144310,0
1749463200000,106612.53000000,107464.77000000,106565.30000000,107179.70000000,1524.82298000,1749466799999,163355681.55487900,182556,902.18496000,96647527.61050760,0
1749466800000,107179.70000000,107806.00000000,107146.18000000,107759.21000000,1299.03104000,1749470399999,139680489.64525310,152886,743.70613000,79961471.32736630,0
1749470400000,107759.21000000,107990.00000000,107540.22000000,107750.39000000,875.21201000,1749473999999,94304164.91944230,84199,479.94958000,51728155.61822450,0
1749474000000,107750.39000000,107893.40000000,106860.00000000,107026.47000000,1035.50084000,1749477599999,111238088.24495140,160994,423.99272000,45557425.83413610,0
1749477600000,107026.48000000,108000.00000000,107026.48000000,107610.33000000,1005.76983000,1749481199999,108197367.36021410,211485,591.49863000,63627515.40388870,0
1749481200000,107610.32000000,108020.00000000,107522.79000000,107635.91000000,627.93587000,1749484799999,67707738.90921180,141600,302.10055000,32578910.99466680,0
1749484800000,107635.91000000,108127.16000000,107635.91000000,107697.51000000,895.91837000,1749488399999,96698499.14646280,139022,375.42484000,40522282.35618170,0
1749488400000,107697.52000000,108422.28000000,107659.35000000,108337.56000000,661.80863000,1749491999999,71609773.84582680,137775,342.74062000,37081143.77968450,0
1749492000000,108337.57000000,108552.44000000,108284.50000000,108446.18000000,521.19201000,1749495599999,56512095.75438020,102276,245.89250000,26665157.05578210,0
1749495600000,108446.18000000,108767.24000000,108339.68000000,108564.72000000,610.54706000,1749499199999,66281922.85328990,132524,299.15895000,32478585.24368690,0
1749499200000,108565.86000000,108736.19000000,108456.08000000,108706.74000000,326.05236000,1749502799999,35426283.60928440,61683,156.60789000,17016347.05722620,0
1749502800000,108706.74000000,110530.17000000,108706.73000000,109973.75000000,3520.02143000,1749506399999,386258910.45084130,348013,2156.48892000,236606013.44402550,0
1749506400000,109973.74000000,110420.00000000,109734.92000000,110177.28000000,1243.72377000,1749509999999,136965747.49628540,172947,743.29989000,81865039.44551970,0
1749510000000,110177.28000000,110313.99000000,109866.18000000,110263.02000000,961.34621000,1749513599999,105826968.29454810,120123,377.35500000,41546722.70331990,0
1749513600000,110263.02000000,110311.82000000,109909.54000000,109913.91000000,893.59303000,1749517199999,98398837.76314810,124798,402.01239000,44260348.41918740,0
1749517200000,109913.91000000,109953.98000000,109648.29000000,109788.57000000,524.96936000,1749520799999,57645162.42605280,93261,195.81785000,21502682.92278600,0
1749520800000,109788.58000000,109788.58000000,109381.24000000,109650.94000000,568.91009000,1749524399999,62334580.24237810,96546,234.22443000,25663948.48241970,0
1749524400000,109650.95000000,109684.89000000,109382.38000000,109568.02000000,369.14727000,1749527999999,40416443.11682200,63357,160.32094000,17552826.41157040,0
1749528000000,109568.03000000,109649.98000000,109366.00000000,109528.55000000,369.49008000,1749531599999,40448320.22129590,52312,197.54344000,21623798.58672930,0
1749531600000,109528.55000000,109737.68000000,109200.00000000,109310.49000000,529.37516000,1749535199999,57926574.79373420,84427,237.49521000,25985696.87753870,0
1749535200000,109310.49000000,109650.00000000,109161.00000000,109502.68000000,427.51687000,1749538799999,46763841.45179640,77444,253.58155000,27739482.44934750,0
1749538800000,109502.69000000,109517.16000000,109095.67000000,109205.14000000,990.69176000,1749542399999,108228609.81126800,94708,242.44813000,26492431.43204800,0
1749542400000,109205.14000000,109415.10000000,109056.90000000,109082.65000000,522.59315000,1749545999999,57070008.83889780,85105,254.37479000,27783035.05338050,0
1749546000000,109082.65000000,109521.84000000,109065.14000000,109508.78000000,615.65872000,1749549599999,67279749.70300510,83850,372.11909000,40679149.06430500,0
1749549600000,109508.78000000,109573.30000000,109275.43000000,109303.61000000,324.81871000,1749553199999,35535294.60422810,65289,170.63563000,18669738.44118650,0
1749553200000,109303.61000000,109851.80000000,109199.81000000,109541.28000000,881.83399000,1749556799999,96682585.09382350,134371,495.35055000,54308684.47516350,0
1749556800000,109541.93000000,109700.00000000,109415.62000000,109697.76000000,554.16291000,1749560399999,60710583.51396790,102717,316.47498000,34671878.95631640,0
1749560400000,109697.75000000,109900.81000000,108888.88000000,109305.28000000,1408.66380000,1749563999999,154121031.85004870,212069,561.95085000,61527206.04091120,0
1749564000000,109305.28000000,109332.45000000,108468.29000000,108620.01000000,1840.47344000,1749567599999,200310295.68243500,275490,719.42418000,78277249.51170190,0
1749567600000,108620.00000000,109199.99000000,108331.03000000,109015.42000000,1443.70766000,1749571199999,157101081.42381870,233231,670.86234000,72995707.35440490,0
1749571200000,109015.41000000,109251.41000000,108690.59000000,108720.61000000,536.47760000,1749574799999,58468979.62588290,141321,288.96058000,31492535.68805120,0
1749574800000,108720.61000000,109064.06000000,108616.68000000,108711.37000000,359.45497000,1749578399999,39111984.02815940,100154,180.80778000,19672160.75294010,0
1749578400000,108711.37000000,109480.67000000,108518.86000000,109282.38000000,477.70957000,1749581999999,52045546.82410260,130138,280.75700000,30590949.12904850,0
1749582000000,109282.38000000,110400.00000000,109282.37000000,109526.30000000,1266.21790000,1749585599999,139173860.32484710,234055,731.22839000,80382017.80792840,0
1749585600000,109526.30000000,110018.07000000,109239.68000000,109960.00000000,609.61756000,1749589199999,66778478.96688420,156023,287.40513000,31502760.58784070,0
1749589200000,109960.01000000,110000.00000000,109420.00000000,109863.07000000,453.96715000,1749592799999,49833841.06282370,131736,235.10395000,25808764.50802670,0
1749592800000,109863.06000000,110181.10000000,109610.40000000,109727.87000000,482.13147000,1749596399999,52996381.19408980,116796,201.01543000,22102892.67941560,0
1749596400000,109727.88000000,110299.73000000,109600.00000000,110274.39000000,620.64617000,1749599999999,68238477.62866290,114222,319.38120000,35125328.76470070,0
1749600000000,110274.39000000,110274.40000000,109780.00000000,109825.54000000,496.67292000,1749603599999,54637381.87197010,117126,184.53058000,20300263.97217310,0
1749603600000,109825.55000000,109832.94000000,109565.10000000,109605.53000000,388.64877000,1749607199999,42625413.55663240,95946,112.69356000,12359330.71918930,0
1749607200000,109605.53000000,109858.22000000,109533.97000000,109677.03000000,257.11312000,1749610799999,28192867.74332420,60476,108.88104000,11938958.70061310,0
1749610800000,109677.03000000,109858.23000000,109622.03000000,109722.95000000,251.17830000,1749614399999,27566937.61412920,58608,115.16903000,12641466.15195700,0
1749614400000,109722.95000000,109735.24000000,109552.68000000,109562.75000000,173.09706000,1749617999999,18978352.49654190,40354,73.30658000,8037312.80889510,0
1749618000000,109562.75000000,109650.59000000,109430.38000000,109468.03000000,198.18742000,1749621599999,21705857.26676590,45351,56.65899000,6205545.02034220,0
1749621600000,109468.04000000,109679.24000000,109373.67000000,109595.01000000,322.84155000,1749625199999,35344260.70727230,54446,117.02693000,12811529.32439120,0
1749625200000,109595.02000000,109745.29000000,109446.73000000,109446.74000000,306.34832000,1749628799999,33570706.08221450,55571,113.83853000,12476568.91868750,0
1749628800000,109446.74000000,109675.69000000,109446.73000000,109576.02000000,413.74462000,1749632399999,45328783.64982930,54765,147.74006000,16185361.31870240,0
1749632400000,109576.03000000,109603.57000000,109233.62000000,109269.83000000,579.74506000,1749635999999,63425605.66351280,52549,187.82461000,20549567.42018730,0
1749636000000,109269.82000000,109468.67000000,109200.00000000,109373.12000000,390.96093000,1749639599999,42739849.01027250,48061,139.01446000,15196970.69954810,0
1749639600000,109373.13000000,109391.75000000,109193.89000000,109252.09000000,249.30459000,1749643199999,27242629.34964530,32600,84.88187000,9274585.89999180,0
1749643200000,109252.10000000,109927.04000000,109008.82000000,109714.87000000,1297.31517000,1749646799999,142146614.29220000,214991,665.48991000,72915528.94431110,0
1749646800000,109714.87000000,109900.00000000,109301.42000000,109684.00000000,948.34709000,1749650399999,103979087.06635890,212721,571.03502000,62614325.35945080,0
1749650400000,109684.00000000,110392.01000000,109650.94000000,109866.69000000,1345.14543000,1749653999999,148073586.78527210,252012,728.30850000,80168623.29493210,0
1749654000000,109866.69000000,110042.90000000,109660.72000000,109735.70000000,808.45996000,1749657599999,88791615.94176480,172124,468.53663000,51460267.34614910,0
1749657600000,109735.70000000,109815.84000000,109341.79000000,109439.38000000,689.45368000,1749661199999,75509852.96814740,159537,338.97074000,37125986.55947910,0
1749661200000,109439.38000000,109768.85000000,108964.16000000,108984.72000000,724.99224000,1749664799999,79310138.17060160,123273,342.70956000,37503920.53466410,0
1749664800000,108984.72000000,109072.91000000,108412.01000000,108807.25000000,963.32708000,1749668399999,104736815.84240120,223067,453.17384000,49274223.70075980,0
1749668400000,108807.25000000,108960.00000000,108576.00000000,108742.37000000,459.75917000,1749671999999,50002926.77631610,150514,220.85977000,24018289.93278580,0
1749672000000,108742.37000000,109001.50000000,108480.00000000,108906.44000000,360.27215000,1749675599999,39194511.31649470,82393,163.89904000,17834055.89526980,0
1749675600000,108906.45000000,109219.51000000,108367.94000000,108508.18000000,462.92455000,1749679199999,50336144.36619690,130197,201.23813000,21877204.48533320,0
1749679200000,108508.17000000,108633.38000000,108064.00000000,108443.38000000,692.16947000,1749682799999,74980275.81846050,175517,285.17230000,30892496.24846040,0
1749682800000,108443.38000000,108691.87000000,108324.00000000,108645.12000000,335.90773000,1749686399999,36464425.39430570,54815,150.00899000,16284834.74711350,0
1749686400000,108645.13000000,108813.55000000,108326.55000000,108705.99000000,394.62489000,1749689999999,42863448.63730730,94866,179.74442000,19524581.48388730,0
1749690000000,108706.00000000,108706.00000000,108258.49000000,108515.99000000,531.45564000,1749693599999,57616419.34794640,111266,292.09373000,31656698.55881490,0
1749693600000,108515.99000000,108759.00000000,108390.34000000,108400.52000000,897.03762000,1749697199999,97355977.62606970,115718,615.26275000,66769591.60134100,0
1749697200000,108400.52000000,108448.03000000,107730.00000000,107860.05000000,1933.71635000,1749700799999,208870903.76066440,176192,595.09663000,64327874.32766170,0
1749700800000,107860.04000000,107917.41000000,107320.00000000,107765.12000000,841.46439000,1749704399999,90565498.07541800,111109,358.55905000,38584643.96393700,0
1749704400000,107765.13000000,107922.43000000,107593.67000000,107746.91000000,355.94523000,1749707999999,38359050.21683420,64711,163.38447000,17607115.52627620,0
1749708000000,107746.91000000,107993.58000000,107640.33000000,107909.02000000,438.07180000,1749711599999,47235233.93616450,54775,243.18571000,26219027.32031910,0
1749711600000,107909.02000000,107961.01000000,107438.65000000,107633.53000000,702.19948000,1749715199999,75595957.78972320,80453,382.02091000,41122849.59646990,0
1749715200000,107633.53000000,107835.83000000,107440.13000000,107731.67000000,406.91931000,1749718799999,43810126.00145500,91272,207.47789000,22342566.66848880,0
1749718800000,107731.67000000,107771.55000000,107488.95000000,107507.35000000,309.44960000,1749722399999,33303591.73715520,68833,145.69434000,15680628.32801070,0
1749722400000,107507.35000000,107518.85000000,107200.00000000,107323.16000000,521.81989000,1749725999999,55997372.46086500,110969,271.32435000,29116301.50227780,0
1749726000000,107323.16000000,107349.31000000,106874.47000000,106900.95000000,628.23956000,1749729599999,67275271.75277340,114494,237.40658000,25427890.49118830,0
1749729600000,106900.95000000,107431.82000000,106870.00000000,106988.54000000,763.31238000,1749733199999,81754499.16801780,122055,386.46406000,41399194.84630720,0
1749733200000,106988.55000000,107198.75000000,106600.00000000,107070.80000000,920.69916000,1749736799999,98462928.84787250,140294,463.30944000,49559247.55085320,0
1749736800000,107070.80000000,107721.17000000,107070.80000000,107612.69000000,862.27021000,1749740399999,92662749.42666560,162788,459.94476000,49426037.44697830,0
1749740400000,107612.70000000,107822.50000000,106890.88000000,107020.95000000,655.00365000,1749743999999,70300941.84519750,209936,275.23873000,29545952.08498690,0
1749744000000,107020.96000000,107858.32000000,106985.38000000,107744.71000000,562.58066000,1749747599999,60494966.09060570,190673,306.41352000,32948279.62246770,0
1749747600000,107744.70000000,108450.16000000,107702.42000000,108287.40000000,769.24972000,1749751199999,83170860.02327550,169118,469.17838000,50718882.34341260,0
1749751200000,108287.40000000,108419.21000000,107229.47000000,107561.35000000,522.24144000,1749754799999,56274911.92857490,191919,246.68111000,26584992.75464730,0
1749754800000,107561.36000000,107879.92000000,106680.00000000,106788.80000000,704.93602000,1749758399999,75644668.09490890,222014,271.11446000,29102331.03787260,0
1749758400000,106789.80000000,106960.77000000,105772.73000000,105973.62000000,2315.98411000,1749761999999,246075651.82955020,376799,865.46201000,91987633.02967250,0
1749762000000,105973.61000000,106430.39000000,105860.90000000,105894.31000000,679.88503000,1749765599999,72158723.35317680,225145,338.02537000,35871209.71970750,0
1749765600000,105894.32000000,106225.40000000,105726.65000000,105890.70000000,576.44703000,1749769199999,61052298.37445280,191846,281.77194000,29843481.94096910,0
1749769200000,105890.69000000,106140.00000000,105671.72000000,105671.73000000,485.11901000,1749772799999,51407223.76215990,120175,236.37187000,25053499.72389390,0
1749772800000,105671.74000000,105694.00000000,103213.87000000,103797.81000000,5330.14891000,1749776399999,555697984.76546010,810644,2158.34528000,224834171.63871440,0
