Date,Close,Delta_volume,SMA_26,SMA_55,adx,obv,atr,bb_bbh,bb_bbl,body_size
2024-04-24,64289.59,203.32301000000007,66838.22038461539,67174.24581818182,19.25333279928164,95272.95759799998,3407.5409118122006,71952.76782121198,60783.900178788026,-2124.4100000000035
2024-04-25,64498.34,-1724.2042000000001,66642.68807692308,67212.61745454546,19.868616398127976,126614.42097799998,3342.997989539901,71801.60159499424,60602.838405005765,208.75999999999476
2024-04-26,63770.01,55.27948000000106,66353.84192307692,67245.03072727272,20.439951168485287,99529.22751799999,3212.9645617156225,71497.69098072949,60394.150019270535,-728.3199999999997
2024-04-27,63461.98,-1125.1540199999981,66115.84884615385,67251.35818181818,21.28614368431102,78596.16699799999,3092.9078073073642,71071.01058611882,60230.98941388118,-308.0199999999968
2024-04-28,63118.62,-1066.5238299999992,66025.64230769231,67158.13836363638,21.774338463706446,61646.96694799999,2985.485821071124,70001.97304624248,60449.888953757516,-343.3600000000006
2024-04-29,63866.0,-177.04072999999698,65944.97769230769,67160.72,22.59522920120662,89797.19641799998,2948.1525481374724,69414.82757408253,60509.03442591745,747.3799999999974
2024-04-30,60672.0,-2176.8230699999986,65644.37038461538,67062.50109090909,24.136719543437568,34849.54106799998,3133.4559375562244,68475.1248002093,60452.829199790685,-3194.0
2024-05-01,58364.97,-4759.320689999993,65280.691538461535,66908.71563636363,26.177747811011642,-46316.92716200002,3215.9812277307797,67885.70981712855,59878.11818287146,-2307.040000000001
2024-05-02,59060.61,-1102.3122099999964,64902.40730769231,66743.92327272728,28.072988345187564,1266.8924479999769,3180.06542575001,67714.42998122674,59243.807018773274,695.6399999999994
2024-05-03,62882.01,662.4852500000052,64653.23884615384,66645.1730909091,27.657087220104636,44895.293877999975,3275.8950381964382,67664.75567773143,59189.231322268584,3821.4100000000035
2024-05-04,63892.04,973.7191600000006,64356.00961538462,66553.10327272727,26.700214743765684,69263.98669799998,3184.6861068966928,67458.17001906814,59218.83698093187,1010.0299999999988
2024-05-05,64012.0,-616.8815099999993,64158.54807692308,66406.44690909091,25.761554713073114,87790.73698799998,3087.482099261215,67498.18135606684,59238.026643933175,119.97000000000116
2024-05-06,63165.19,-315.7988699999987,63871.39846153847,66255.77745454546,24.479496468478466,53115.817497999975,3066.9476635996994,67462.90943264721,59210.478567352795,-846.8099999999977
2024-05-07,62312.08,-594.0291000000034,63575.46961538462,66060.1350909091,23.46844490391825,27517.022777999973,3002.2664019140066,67435.24939359287,59341.60960640714,-853.0999999999985
2024-05-08,61193.03,-782.026460000001,63347.64307692308,65874.75490909092,23.06807328792127,1395.8327379999719,2940.1202303487203,67432.40385019997,59116.7501498,-1119.0400000000009
2024-05-09,63074.01,-420.77668000000267,63314.93153846154,65757.92145454546,22.475323693488683,32056.638837999973,2930.042356752383,67388.39739207758,59086.356607922404,1880.9800000000032
2024-05-10,60799.99,-395.6767699999982,63127.9373076923,65676.09163636364,22.105801784553957,-4472.701412000028,2955.182902698641,67233.6205795715,58827.073420428474,-2274.010000000002
2024-05-11,60825.99,-928.3782599999995,63028.16807692308,65538.50090909092,21.762674297686,8901.867947999972,2817.5205525058814,67036.44936119384,58612.72863880615,26.0
2024-05-12,61483.99,80.6898000000001,62939.34500000001,65427.11909090909,21.20774224468815,21655.000307999973,2707.554798755461,66381.82252920959,58733.82247079042,658.0
2024-05-13,62940.08,702.3988700000045,63003.29538461538,65445.34963636364,19.77364613311232,54388.41869799997,2707.0715988443567,65783.75856813486,58984.49443186514,1456.0800000000017
2024-05-14,61577.49,-1457.091550000001,62930.50346153846,65331.47654545454,18.44198545807762,25299.69828799997,2654.822913212617,65548.20596874104,58948.83703125895,-1362.5999999999985
2024-05-15,66206.5,35.93468999999459,63022.368461538455,65344.29890909091,18.618147662091808,68859.44547799998,2831.2419908402876,65936.63981198719,58731.219188012794,4629.010000000002
2024-05-16,65235.21,183.85815999999977,63033.7,65370.45472727273,18.90184282187911,37753.07837799998,2782.527562923124,66179.33394966504,58635.045050334935,-971.2999999999956
2024-05-17,67024.0,309.95640999999887,63113.809615384605,65425.61818181818,19.43860612238682,64045.312467999975,2751.262737000044,66844.71124971924,58325.86975028073,1788.7900000000009
2024-05-18,66915.2,-618.9892599999985,63117.49730769231,65420.25836363636,19.937029187143974,49604.054727999974,2611.8875415000407,67432.5071916893,58117.73180831072,-108.80000000000291
2024-05-19,66274.01,-640.9539500000028,63112.11307692307,65354.69472727273,19.88148291340039,31578.750637999972,2556.949145678609,67778.5229574269,58012.51704257309,-641.1900000000023
2024-05-20,71446.62,2768.3587800000023,63387.38346153846,65381.21509090909,21.221729684094964,82395.45173799997,2763.970635272994,69460.71327273647,57407.788727263534,5172.619999999995
2024-05-21,70148.34,-234.87537999999768,63604.69115384615,65393.54872727273,22.60019501026417,32788.01813799998,2767.691304182066,70252.86937039297,57793.969629607025,-1298.2799999999988
2024-05-22,69166.62,-1423.6056400000016,63812.25307692307,65364.203636363636,23.656631498130853,5114.837877999977,2700.2712110262037,70705.23503329507,58352.204966704914,-981.7200000000012
2024-05-23,67969.65,-930.8713599999974,63985.625,65330.00563636364,23.07622093163985,-35398.33586200002,2777.6775530957602,71085.17834331607,58481.025656683916,-1196.9700000000012
2024-05-24,68549.99,592.7611399999987,64194.523846153854,65311.23854545454,22.537268262755344,-7302.49922200002,2768.5491564460635,71510.48115739955,58521.51784260044,580.3300000000017
2024-05-25,69290.57,-426.47436000000016,64403.16115384615,65275.066909090914,22.191175133619584,4827.894957999979,2650.081359557059,72014.35051262454,58545.50548737545,740.5800000000017
2024-05-26,68507.67,-2.8763099999996484,64704.53307692308,65254.30090909091,21.637093667177005,-7044.22301200002,2563.234119588698,72348.24792241132,58745.85607758868,-782.8899999999994
2024-05-27,69436.43,282.31610999999975,65130.35846153846,65326.52709090908,21.628183029435537,16092.70435799998,2554.2573967609337,72735.62969418029,59070.9093058197,928.7599999999948
2024-05-28,68398.39,-1536.7749000000003,65489.50384615384,65370.80181818182,20.99970510928316,-16530.26606200002,2537.08901127801,72818.6750064262,59708.39999357381,-1038.0399999999936
2024-05-29,67652.42,337.2875899999999,65672.98115384615,65355.61327272727,20.31951198028135,-39690.09755200002,2485.2276533295803,72904.27452357463,60080.64147642539,-745.9799999999959
2024-05-30,68352.17,-329.4853000000003,65844.52461538461,65365.277818181814,19.97481922007646,-11211.87915200002,2477.139963806039,72765.14157652951,60974.9924234705,699.7599999999948
2024-05-31,67540.01,-174.1182000000008,65980.2173076923,65340.62345454546,19.340052575718236,-37902.20099200002,2469.779966391322,72410.06574181923,62001.470258180794,-812.1600000000035
2024-06-01,67766.85,-367.12043000000085,66157.20423076923,65311.65,18.750626405957032,-29064.539662000017,2327.0499687919414,72014.92886354588,63024.893136454106,226.84000000001106
2024-06-02,67765.63,94.14224999999897,66366.95615384614,65241.570545454546,18.529216307396773,-44490.86495200002,2246.727113878231,71734.78025472916,63787.596745270836,-1.209999999991851
2024-06-03,68809.9,983.9714999999997,66659.9126923077,65235.45963636363,19.244423379093917,-14857.490952000018,2277.355177172644,70922.57463723405,65323.043362765944,1044.2799999999988
2024-06-04,70537.84,226.14978999999948,66946.98307692308,65233.764363636365,20.241654314535257,14762.29393799998,2292.98195023174,71182.45698213481,65496.2950178652,1727.949999999997
2024-06-05,71108.0,-282.71298000000024,67343.445,65253.79654545454,21.450206618130697,43465.47475799998,2227.3646680723296,71343.0153720848,65923.01562791521,570.1699999999983
2024-06-06,70799.06,-1267.2222899999979,67727.02461538462,65320.75181818181,22.338816487712155,21623.470267999983,2181.292906067163,71582.59303372387,66060.94396627614,-308.9400000000023
2024-06-07,69355.6,-960.8894299999956,68029.77884615384,65419.49890909091,21.81737264616171,-13974.980182000014,2280.9876984909374,71569.16297032828,66318.41402967171,-1443.4599999999919
2024-06-08,69310.46,-229.36895000000004,68274.79346153847,65485.83745454546,21.33317479329344,-23748.809852000013,2147.6442914558697,71419.7747148438,66771.4472851562,-45.13999999999942
2024-06-09,69648.14,-123.18116999999984,68585.20307692308,65599.07654545455,21.0399237180247,-13858.242762000013,2046.1625563518787,71085.35059439323,66926.02340560679,337.679999999993
2024-06-10,69540.0,-298.6644899999992,68713.41461538462,65703.56036363637,20.963089806691496,-30980.91217200001,1973.125945183888,71004.3749236056,66946.16507639438,-108.14999999999418
2024-06-11,67314.24,-1756.3694800000012,68793.37730769231,65813.32163636365,20.15621251081613,-72416.928052,2084.9748062421813,71033.79833155044,66731.50366844956,-2225.7599999999948
2024-06-12,68263.99,776.4580600000045,68841.06923076924,65900.48363636364,19.14313793635486,-35241.604492000006,2157.04803436774,71027.25123695562,66767.48476304438,949.7600000000093
2024-06-13,66773.01,-1307.2755700000016,68835.60038461538,65954.2109090909,18.570196572261118,-64321.16020200001,2159.938889055759,71128.70673191235,66488.33126808766,-1490.9700000000012
2024-06-14,66043.99,-1169.3707499999982,68826.75346153846,65974.27272727272,18.646440775624566,-92729.348172,2169.3889684089195,71246.17418829819,66046.20581170182,-729.0199999999895
2024-06-15,66228.25,-461.7607599999992,68626.04692307692,65997.67454545455,18.717238964462048,-81277.545752,2058.8168992368533,71338.17862812662,65726.25937187337,184.25999999999476
2024-06-16,66676.87,107.58108999999968,68492.52884615384,65995.08454545455,18.3818782490824,-71885.023522,1980.6299778627922,71279.06373226564,65509.41826773438,448.61999999999534
2024-06-17,66504.33,47.62010999999984,68390.13307692307,65996.72690909091,18.566602506099482,-99271.192032,1994.0714080154498,71299.65080429663,65299.42519570338,-172.52999999999884
2024-06-18,65175.32,-2197.275220000003,68282.65884615385,66012.8310909091,19.264911372363873,-141621.294472,2032.225593157203,71463.19146014492,64888.17453985505,-1329.010000000002
2024-06-19,64974.37,518.7678400000004,68145.135,66021.48618181818,19.91334103389509,-161682.09023200002,1962.890907931688,71575.6959126168,64437.890087383224,-200.9499999999971
2024-06-20,64869.99,-607.5316300000013,67975.1126923077,66041.48581818181,19.864748112688204,-185947.38054200003,1960.0979859365673,71692.99189266494,64053.59210733506,-104.38000000000466
2024-06-21,64143.56,-907.04522,67807.2623076923,66053.87818181817,20.434919936918043,-211940.94496200004,1940.6131297982413,71844.08356242113,63540.17143757887,-726.4300000000003
2024-06-22,64262.01,203.6254799999997,67608.24615384615,66074.66709090909,20.96436520227432,-204631.98954200002,1845.068620526938,71929.2074059859,63104.68559401408,118.45000000000437
2024-06-23,63210.01,-275.09519000000046,67408.69307692308,66062.73999999999,21.83888941660143,-212856.44401200002,1809.1837190607282,71983.53532643014,62490.36867356987,-1052.0
2024-06-24,60293.3,-3170.165580000001,67125.65,66055.85454545454,24.239577935791694,-265017.798152,2034.7991676992478,72104.70971915494,61344.74028084507,-2916.709999999999
2024-06-25,61806.01,-469.07445000000007,66873.87461538462,66118.4189090909,26.468788703611228,-233828.554542,2043.9520842921588,71651.75837149525,60867.49262850474,1512.7099999999991
2024-06-26,60864.99,384.38842999999906,66617.14307692308,66151.22581818183,28.47822514448074,-256314.219172,2024.79907827129,71220.70220405958,60305.141795940406,-941.0200000000041
2024-06-27,61706.47,252.24368999999933,66384.05153846154,66129.85236363637,30.37345296712454,-237969.93286200002,2007.498429823341,70849.63055342267,59911.30044657734,841.489999999998
2024-06-28,60427.84,501.8856100000012,66101.82884615385,66066.86690909091,32.28703052433595,-262791.125412,2018.5563991216736,70498.66184703558,59374.00715296442,-1278.6200000000026
2024-06-29,60986.68,-586.1808199999996,65800.93576923077,66011.8610909091,34.063923970317965,-251281.566372,1934.3902277558402,69876.25029043795,59130.27270956205,558.8400000000038
2024-06-30,62772.01,-877.409340000002,65502.25,66004.71236363637,33.94340591618357,-233955.265012,1963.8302114875662,69057.37168967308,59272.352310326925,1785.3300000000017
2024-07-01,62899.99,230.10770000000048,65186.55730769231,66015.40163636363,33.17725992463267,-209408.159632,1921.0251963813118,68642.8789996435,59245.420000356506,127.97999999999593
2024-07-02,62135.47,333.2398699999976,64853.342307692306,66032.53690909091,32.79628067966057,-227981.278382,1889.7055394969325,67953.33831767917,59322.10868232083,-764.5299999999988
2024-07-03,60208.58,-2049.201430000001,64501.53384615385,65980.43818181817,33.39252457156417,-260141.38965199998,1960.8651438185805,67619.88650531099,58999.11749468901,-1926.8799999999974
2024-07-04,57050.01,-4602.796320000001,64029.97807692307,65912.25672727273,34.695433766262596,-314710.162412,2087.031204974396,67770.12487503071,57949.48112496929,-3158.5599999999977
2024-07-05,56628.79,-5494.94432000001,63529.233846153846,65835.944,36.573559981101724,-396058.409972,2227.9625474762247,67735.72228386468,57023.93771613532,-421.2299999999959
2024-07-06,58230.13,515.6924400000025,63094.23884615384,65776.7829090909,37.677790794651976,-374407.094392,2244.322365513637,67222.77546685448,56692.21053314551,1601.3399999999965
2024-07-07,55857.81,-955.6017400000019,62653.60692307692,65648.01436363636,38.766823975197475,-393526.033572,2278.6629108340917,66892.908469185,55957.425530815,-2372.3199999999997
2024-07-08,56714.62,-162.3912199999977,62209.400384615394,65559.59854545454,40.083210323515324,-345435.828672,2399.941988631657,66552.40077115924,55451.863228840775,856.810000000005
2024-07-09,58050.0,554.2921399999977,61873.899999999994,65411.29854545454,41.261325781437435,-317703.620792,2371.8425608722528,66033.02203121754,55278.80496878247,1335.3899999999994
2024-07-10,57725.85,-104.67475000000195,61553.97153846154,65274.764727272726,41.48812801066447,-342655.35878199997,2367.5830922385203,65453.148765302074,55144.26423469791,-324.15000000000146
2024-07-11,57339.89,277.5453500000003,61212.11153846154,65098.689999999995,41.56831904946186,-372416.416132,2384.1842999357686,64948.48443677339,54968.56156322663,-385.9599999999991
2024-07-12,57889.1,-674.8060000000005,60874.12038461538,64934.579090909094,41.794306940461446,-348763.959232,2355.6147070832135,64292.41203082903,54987.342969170975,549.2099999999991
2024-07-13,59204.02,420.9796900000001,60593.339230769234,64806.033818181815,41.03203567046206,-333406.214042,2336.8829422915555,63795.54208850045,55083.61391149955,1314.9300000000003
2024-07-14,60797.91,-219.41857000000164,60424.9773076923,64612.42090909091,39.319256652247,-312227.874972,2329.0113035564445,63846.032272140896,55083.5847278591,1593.9000000000015
2024-07-15,64724.14,-537.8939600000012,60415.35307692307,64513.79909090909,36.99662622080545,-273536.896772,2467.4890675881265,64463.12013428769,54758.30986571232,3926.229999999996
2024-07-16,65043.99,659.5668299999961,60422.04538461538,64438.84218181818,35.039086193547185,-231006.367622,2506.6491341889746,65201.17496164287,54438.15503835713,319.9300000000003
2024-07-17,64087.99,-335.1892799999987,60419.90807692308,64368.26654545454,33.52151850225889,-260573.89716199998,2490.076338889762,65581.04958174891,54296.43241825108,-956.010000000002
2024-07-18,63987.92,7.981319999998959,60409.36615384615,64285.31981818182,31.787327164551694,-283142.619662,2447.5580289690647,66027.77122089104,54205.71877910895,-100.06999999999971
2024-07-19,66660.0,307.41159000000334,60542.05807692308,64237.491272727275,31.05960316614658,-247507.89227199997,2564.54174118556,66960.12480503734,53840.69719496266,2672.0800000000017
2024-07-20,67139.96,-649.6552599999995,60805.391153846154,64212.62381818182,30.46007919521183,-233120.96793199997,2479.6130453865912,67746.1125564643,53491.5044435357,479.95000000001164
2024-07-21,68165.34,1004.9972699999998,61049.980769230766,64189.513090909095,30.182125912465132,-211301.85602199996,2487.473542144692,68684.03048179348,53080.12151820652,1025.3699999999953
2024-07-22,67532.01,-923.1422300000013,61306.404615384614,64173.760727272725,29.963732289448703,-232752.89905199996,2446.552574848643,69465.1089058636,52838.69709413641,-633.3400000000111
2024-07-23,65936.01,-1068.4572000000007,61469.07923076923,64142.55327272727,29.053080242931674,-264159.05221199995,2436.791676645168,69992.85936370089,52883.68963629911,-1595.9900000000052
2024-07-24,65376.0,-1427.0517499999987,61659.39307692308,64088.441090909095,28.005130987550306,-287241.61498199997,2404.95012831337,70324.37119082679,53384.776809173214,-560.0
2024-07-25,65799.95,-1967.5241800000003,61844.51884615385,64056.80363636364,26.089284973831575,-252115.18564199997,2427.3672620052726,70592.49171978663,54033.77228021337,423.93999999999505
2024-07-26,67907.99,644.6823500000028,62042.05653846154,64059.36981818182,25.24199289230744,-227870.82541199998,2430.938886147753,71195.6852365771,54398.364763422906,2108.040000000008
2024-07-27,67896.5,-32.36280999999872,62234.229999999996,64061.74927272727,24.931332449535464,-259581.044622,2453.728251422913,71440.01548116194,55357.90351883805,-11.5
2024-07-28,68249.88,-61.72005999999965,62469.399615384624,64051.56709090909,24.642862038390057,-248712.350682,2367.87409060699,71663.2556601702,56288.189339829805,353.3899999999994
2024-07-29,66784.69,-74.83000999999786,62722.32692307692,63983.327999999994,25.03523468840362,-285179.647012,2459.596655563634,71685.03840198963,57139.87559801039,-1465.1900000000023
2024-07-30,66188.0,-938.6033300000017,63073.788076923076,63893.87345454546,24.70795646289766,-308311.90142199997,2405.1490373090887,71458.4587598248,58212.6702401752,-596.679999999993
2024-07-31,64628.0,-988.4689700000017,63381.45,63781.67236363636,23.95538157203564,-330937.34047199995,2399.012677501297,70865.93437205894,59534.00562794105,-1560.0
2024-08-01,65354.02,-1768.4026999999987,63655.44576923077,63708.91636363636,22.36856884144598,-295395.07193199993,2467.4960576797757,70140.58769589878,61005.844304101214,726.0099999999948
2024-08-02,61498.33,-2415.7134899999946,63872.38884615385,63566.877636363635,21.367805130513993,-334215.5013019999,2603.1127678455055,69689.91266812815,61685.950331871856,-3855.689999999995
2024-08-03,60697.99,-2138.799850000003,64025.59538461539,63404.14763636364,20.9975311664293,-362250.2169719999,2584.9061415708265,69709.49663955574,61656.37436044427,-800.3499999999985
2024-08-04,58161.0,-2503.270629999999,64029.86461538461,63197.25672727273,21.574467708161926,-393866.7370019999,2685.6171314586245,70542.69634004454,60166.86065995546,-2536.989999999998
2024-08-05,54018.81,-7339.065399999992,63887.28615384615,62955.521636363635,23.783751607377855,-555932.3288619999,3158.4723363544367,71971.53624404994,57635.502755950045,-4142.190000000002
2024-08-06,56022.01,-16.39100000000326,63836.59846153845,62732.94018181818,25.835229513792644,-500047.5521019999,3153.652169471977,72527.36323505889,56273.07776494111,2003.1900000000023
2024-08-07,55134.16,-475.0771800000002,63730.63923076924,62521.324727272724,27.394393387618464,-544316.9289419999,3155.350585938264,73035.22689186607,54879.83810813395,-887.8399999999965
2024-08-08,61685.99,3003.061170000001,63826.09961538462,62442.08836363636,26.757366693742647,-495967.3994519999,3502.478401228388,72749.21045808823,54668.45354191179,6552.229999999996
2024-08-09,60837.99,-926.3787099999972,63827.64115384616,62344.08363636364,26.16584190657224,-526939.8796219999,3410.1135154263607,72372.88230676185,54414.584693238176,-848.010000000002
2024-08-10,60923.51,-207.92913000000044,63681.46307692308,62239.47709090909,25.61656888991401,-516944.67341199995,3254.2896928959062,71793.34431098419,54269.939689015824,85.52000000000407
2024-08-11,58712.59,-1000.3547000000035,63437.94769230769,62097.80909090909,25.618361502551487,-536134.5185319999,3276.931143403341,71289.50915825984,53891.83284174015,-2210.9200000000055
2024-08-12,59346.64,-451.38551000000007,63255.58807692308,61991.83309090909,25.78073578275405,-499124.60110199987,3262.070347445959,70927.34790349033,53595.05709650967,634.0500000000029
2024-08-13,60587.15,-564.5116899999994,63124.78923076923,61912.06545454545,25.547897085805197,-471265.64259199984,3256.581036914105,70594.5566832628,53448.963316737194,1240.510000000002
2024-08-14,58683.39,-1894.9708600000013,62817.99653846154,61799.58181818182,25.231555186816827,-499688.4058519998,3264.455248563097,70172.42291143851,53159.441088561514,-1903.770000000004
2024-08-15,57541.06,-3175.730000000003,62448.80807692308,61679.53636363636,25.589331223607164,-537374.5820719998,3300.625587951447,69326.57757961108,52968.59342038892,-1142.3300000000017
2024-08-16,58874.6,316.1930399999983,62091.471923076926,61581.58345454545,25.92155182919819,-509763.73863199976,3259.090903097772,68312.63702388074,53080.34397611926,1333.5499999999956
2024-08-17,59491.99,21.576890000000276,61782.24038461538,61513.98309090909,26.230042391532717,-502042.00932199974,3091.6522671622165,67049.62737997888,53467.56462002112,617.4000000000015
2024-08-18,58427.35,-313.69208999999864,61493.44576923077,61480.05672727272,26.194263975784047,-515676.8664919997,3004.824962364915,65970.35930600035,53711.098693999666,-1064.6399999999994
2024-08-19,59438.5,-108.69699000000037,61265.08038461539,61437.01109090909,26.363307157372052,-492867.5539819997,2920.932465053135,64896.916761977045,54109.59123802296,1011.1500000000015
2024-08-20,59013.8,604.9949000000015,61004.07461538461,61403.35309090909,25.553037262560135,-524344.9994619997,2915.992288977911,64077.614988590976,54367.47301140901,-424.6999999999971
2024-08-21,61156.03,330.1774800000021,60744.38384615385,61393.34509090909,24.586299427919496,-496361.35726199974,2924.668554050917,63089.917747966196,54935.371252033794,2142.229999999996
2024-08-22,60375.84,-702.5383600000023,60455.127692307695,61392.39963636363,23.688614295753187,-517602.56314199977,2835.4158001901374,62924.83087666299,54988.209123337,-780.1900000000023
2024-08-23,64037.24,2627.695829999997,60293.10307692307,61447.86436363636,22.766628947589677,-479484.4922519998,2962.376100176556,63617.05400824562,54629.910991754376,3661.409999999996
2024-08-24,64157.01,-571.1024400000006,60192.03846153846,61473.04618181817,21.910499695723562,-463627.3360919998,2819.5992358782305,64394.668002854414,54451.89799714558,119.77000000000407
2024-08-25,64220.0,325.9648899999993,60116.346153846156,61497.046363636364,21.322478816439258,-451321.8563219998,2705.8228618869284,64669.80311806881,55196.8818819312,62.9800000000032
2024-08-26,62834.0,-1478.700579999997,60047.346153846156,61509.7469090909,20.2641959042972,-470791.9090819998,2632.621228895005,64811.902501179546,55735.98149882046,-1385.989999999998
2024-08-27,59415.0,-3389.6345800000036,59818.92230769231,61495.318181818184,20.25117928722387,-505927.8508619998,2814.433283973933,64396.16952138682,56579.79847861317,-3419.0
2024-08-28,59034.9,-2596.7195100000026,59724.174999999996,61531.407090909095,20.294580258799748,-542796.3936119998,2783.043763690081,64271.917497517745,56438.94150248224,-380.09999999999854
2024-08-29,59359.01,-716.1356300000007,59672.675769230766,61581.04745454545,19.876559359977158,-515775.4861819998,2759.533494855076,64214.54569817058,56348.4153018294,324.1100000000006
2024-08-30,59123.99,-952.6269700000012,59709.71384615384,61597.29945454546,19.84561565001831,-544294.8081319998,2722.6361023654276,64143.98923830079,56239.0197616992,-235.01000000000204
2024-08-31,58973.99,-406.54741999999897,59900.29769230769,61653.95727272727,19.81688220505652,-553093.2171319998,2579.4749521964686,64139.09899462202,56270.05000537798,-150.0
2024-09-01,57301.86,-1402.1467899999989,59949.5226923077,61664.63436363636,20.329236447770942,-573798.3745419998,2529.1974556110063,64222.60390372574,55982.06709627426,-1672.1399999999994
2024-09-02,59132.13,-304.50556999999753,60103.29076923076,61684.30945454545,20.60257461595028,-550903.3599319998,2512.661208781649,64164.39907979686,55894.769920203136,1830.3600000000006
2024-09-03,57487.73,-868.6003899999996,59941.81923076922,61679.979999999996,20.628017486037045,-573731.5444019998,2504.2318367258167,64213.87413302746,55725.72886697252,-1644.3899999999994
2024-09-04,57970.9,-1837.3117999999959,59831.54653846154,61691.45290909091,21.304071547409432,-538170.7229419998,2533.4295626739727,64190.063471876616,55792.5235281234,483.1600000000035
2024-09-05,56180.0,-1895.1347300000016,59649.10384615384,61660.378363636366,21.931836032969503,-565977.6370719998,2544.1431653401173,64352.43397624515,55360.69302375486,-1790.9000000000015
2024-09-06,53962.97,-3797.391279999996,59466.42615384616,61565.08654545454,23.445828991792123,-620425.4053319999,2680.8472249586803,64759.63533698381,54400.589663016195,-2217.029999999999
2024-09-07,54160.86,-646.234080000002,59266.97307692308,61444.41290909091,24.851679596413128,-603731.3575919999,2568.248137461632,65045.98818181309,53687.58781818691,197.88999999999942
2024-09-08,54869.95,-210.62611000000015,59047.08076923077,61265.24581818182,25.83325958293338,-587457.209802,2505.4439847858007,65145.67937713153,53131.04162286846,709.0899999999965
2024-09-09,57042.0,441.1455900000001,58983.95038461538,61119.755090909086,25.0816507612201,-555072.692432,2576.2008430153865,65116.35198507045,52963.189014929565,2172.050000000003
2024-09-10,57635.99,-246.03113999999914,58987.601538461546,61002.446,24.383728283914913,-531445.911172,2510.61221137143,64888.66225946606,52838.87474053395,593.9799999999959
2024-09-11,57338.0,-1067.9518499999976,58928.50153846154,60881.53836363636,24.07358653539859,-564472.478742,2505.319910559185,64729.7982303894,52693.954769610595,-297.98999999999796
2024-09-12,58132.32,-1508.3979499999987,58876.206538461534,60726.48963636363,23.429264661160996,-533398.072432,2416.6542026621,63917.71939375013,52915.541606249855,794.3199999999997
2024-09-13,60498.0,965.041290000001,58955.84692307691,60605.726727272726,21.75677426401455,-503572.83910199994,2457.7774739005213,63173.73302739172,53293.62697260827,2365.6900000000023
2024-09-14,59993.03,-997.4670499999993,58977.174999999996,60457.139272727276,20.203747466664275,-515710.74811199994,2368.6826543361976,62226.77060832981,53817.892391670175,-504.9599999999991
2024-09-15,59132.0,-895.4296699999995,58981.721153846156,60304.41181818183,19.119570740327557,-529468.671722,2321.2588933121833,61464.36566637064,54210.09733362935,-861.0199999999968
2024-09-16,58213.99,-758.0473999999995,58868.565769230765,60164.01145454545,18.679718864648397,-555946.235922,2278.1261152184557,61336.983904122404,54217.37809587759,-918.010000000002
2024-09-17,60313.99,-334.93891999999323,58866.186923076915,60071.97490909091,17.523409588484466,-522829.97714200005,2380.402106988566,61532.55048179509,54149.7205182049,2100.0
2024-09-18,61759.99,772.1695499999987,58778.600384615376,59998.52109090908,16.66934652297811,-486742.95245200006,2396.9048136322394,61983.570985297156,53938.798014702836,1446.0
2024-09-19,62947.99,886.7330799999982,58732.099615384606,59908.33927272727,16.757803711863072,-452410.4263720001,2389.6258983727935,62706.12864848937,53598.64035151063,1188.0099999999948
2024-09-20,63201.05,-643.7333999999973,58692.909230769226,59822.967454545455,16.95108958020411,-426944.0484320001,2346.318334203308,63415.539451196935,53311.93554880307,253.0500000000029
2024-09-21,63348.96,-619.8712199999991,58712.71538461538,59733.859818181816,17.130569315092213,-418568.7023520001,2236.002738903072,64134.18180796827,53198.00319203171,147.90999999999622
2024-09-22,63578.76,-395.8515400000015,58872.85999999999,59675.57018181819,17.487182703542928,-404326.5034320001,2193.5789718385668,64760.87644333046,53015.97155666954,229.79000000000087
2024-09-23,63339.99,584.0999899999988,59038.44038461538,59623.788181818185,18.134516134784846,-428404.5563020001,2194.5469024215263,65322.218275800755,53039.85572419924,-238.77000000000407
2024-09-24,64262.7,-139.26032999999734,59227.04384615385,59617.14636363637,18.7356114637952,-405219.50871200016,2179.79355224856,65991.01101075762,53000.24298924238,922.7099999999991
2024-09-25,63152.01,-1043.7520200000035,59381.9676923077,59577.109818181816,19.353363005978473,-423032.6203920002,2157.7304413736624,66338.7694438723,53349.6855561277,-1110.689999999995
2024-09-26,65173.99,1710.6712700000026,59620.42923076924,59643.94,20.381649723181578,-394659.3144620002,2229.9639812755436,66704.43254378148,54105.12445621851,2021.979999999996
2024-09-27,65769.95,136.9094499999992,59946.125,59736.15745454545,21.6082559816511,-372610.5095920002,2190.5451254701475,67009.98534038755,54960.48065961244,595.9599999999991
2024-09-28,65858.0,-124.78247999999985,60204.812307692315,59876.10290909091,22.7472475073728,-363483.2764320002,2093.9183307937083,67223.19443423107,55846.076565768926,88.05000000000291
2024-09-29,65602.01,-71.86551000000145,60516.90000000001,60086.706545454545,23.80488249554295,-371821.0175420002,1990.361307165586,67521.31546131965,56403.956538680344,-255.99000000000524
2024-09-30,63327.59,-1107.2266400000008,60722.926538461536,60219.53527272727,22.635587735321682,-401832.1050620002,2045.5140709394727,67462.92506115907,57031.50693884092,-2274.4199999999983
2024-10-01,60805.78,-1767.99136,60900.84115384615,60322.65563636364,22.00516165750226,-445503.5861420002,2182.7366373009386,67182.83485909551,57658.375140904485,-2521.8199999999997
2024-10-02,60649.28,-96.05080000000089,61158.00692307692,60303.806363636366,21.49860438597846,-477038.2873220002,2197.563306065157,66969.70103253501,58123.20496746499,-155.63999999999942
2024-10-03,60752.71,-408.4054400000023,61411.53961538461,60302.25581818182,21.11482604602549,-450816.8526020002,2158.385927060503,66960.1821647139,58158.19483528611,103.44000000000233
2024-10-04,62086.0,84.02981999999975,61689.079999999994,60323.392,20.07390813083158,-429522.1926620002,2148.854789413324,66912.6824413552,58414.99155864481,1333.2799999999988
2024-10-05,62058.0,-426.35068999999976,61882.00307692307,60384.21763636363,19.107341495294374,-437329.6540720002,2044.029447312372,66752.94133190956,58867.33266809045,-28.0
2024-10-06,62819.91,689.736710000001,62081.38461538462,60447.368,17.796613098430107,-428422.79230200016,1982.0294867900595,66373.39964586441,59707.4663541356,761.9000000000015
2024-10-07,62224.0,-444.71689999999944,62269.307692307695,60477.128909090905,17.385036037363168,-454388.97750200017,2008.3266663050556,66253.43242745637,60018.434572543636,-595.9100000000035
2024-10-08,62160.49,-473.4847699999991,62424.23730769231,60540.348909090906,16.8126482823987,-474091.20121200016,1960.5669044261233,66242.84195447178,60069.07504552823,-63.520000000004075
2024-10-09,60636.02,-1101.753420000001,62429.545769230775,60596.62090909091,15.95604359133543,-494102.35805200017,1980.7228398242573,66317.06035829349,59763.65964170652,-1524.4800000000032
2024-10-10,60326.39,-2312.3793699999987,62442.36730769231,60623.01709090909,15.896779438903978,-518070.28286200017,2008.9340655510962,66378.30632380981,59414.9476761902,-309.6200000000026
2024-10-11,62540.0,557.7830099999992,62573.44423076923,60678.435454545455,14.937428798999619,-494428.93077200017,2103.290203726018,66334.69337913899,59377.66462086102,2213.5999999999985
2024-10-12,63206.22,-517.4672600000013,62765.45307692308,60765.32400000001,14.080591673377318,-483517.6296120002,2023.967332031302,66304.35968220343,59370.744317796576,666.2300000000032
2024-10-13,62870.02,-199.12761000000137,62863.76192307693,60827.71527272728,13.125632903515337,-495426.8495620002,1967.6639511719234,66273.28301433,59354.82398567001,-336.2100000000064
2024-10-14,66083.99,2212.2859000000026,63030.069615384615,60956.26418181818,13.714993916734953,-457756.8973420002,2115.844383231072,66599.96298546078,59210.27301453921,3213.9700000000084
2024-10-15,67074.14,-42.59023000000161,63188.7676923077,61063.866181818186,14.803009534313192,-414072.94311200024,2189.711927285995,67219.72012153217,58982.728878467824,990.1399999999994
2024-10-16,67620.01,487.49259999999776,63358.727692307686,61195.57836363636,15.979706654416104,-384134.68767200026,2152.8403610512805,67709.81451895314,58737.23648104684,545.8699999999953
2024-10-17,67421.78,-1020.3343699999969,63515.374615384615,61257.115454545456,17.01370791045614,-409462.91628200025,2090.02319240476,68031.33830281794,58580.89569718204,-198.22000000000116
2024-10-18,68428.0,-289.2779999999984,63701.88384615385,61334.76981818183,18.361104331574335,-380737.28128200024,2069.8529643758484,68553.79496961625,58315.43903038372,1006.2200000000012
2024-10-19,68378.0,-51.27482999999893,63895.65346153846,61410.369818181825,19.61225815118409,-388930.9486520002,1970.810609777573,69057.64939927145,58089.183600728524,-49.99000000000524
2024-10-20,69031.99,1103.377699999999,64079.08769230769,61523.060545454544,21.034308392450637,-376488.4748720002,1922.8955662220321,69833.4609741759,57883.81202582409,654.0
2024-10-21,67377.5,-4187.205279999998,64241.60653846153,61667.83327272727,21.37493543146086,-407862.89671200025,1976.8923114918873,70177.14286374736,58197.302136252634,-1654.5
2024-10-22,67426.0,202.07445999999982,64328.2223076923,61820.398727272724,21.492306987074432,-383263.93403200025,1926.0135749567523,70443.35814905372,58608.75885094628,48.5
2024-10-23,66668.65,-1753.5607999999993,64362.78769230769,61953.30127272727,20.687122435744282,-408794.1747320003,1946.5004624598416,70543.30283109895,59100.40816890106,-757.3600000000006
2024-10-24,68198.28,415.33151,64452.79846153846,62118.28836363636,20.61454131804585,-386204.3359620003,1974.6075722841385,70884.58920624366,59370.349793756344,1529.6300000000047
2024-10-25,66698.33,-2417.647250000002,64494.96461538461,62258.73090909091,19.94917474737239,-420684.0472120003,2060.364174263844,70975.38242236535,59743.589577634644,-1499.9400000000023
2024-10-26,67092.76,295.47202000000107,64639.778846153844,62436.747272727276,19.331334360318465,-408841.1395120003,1985.6703046735697,71110.87882439807,60035.378175601916,394.4399999999878
2024-10-27,68021.7,182.27648000000045,64917.314230769225,62598.37581818182,19.215598674626374,-400187.9435920003,1945.1452829111724,71274.69655970433,60451.330440295664,928.9400000000023
2024-10-28,69962.21,1389.9449299999978,65275.50384615385,62825.18454545455,19.97038942328151,-371141.18900200026,1995.6349055603746,71665.73208725537,60840.466912744625,1940.520000000004
2024-10-29,72736.42,3668.324379999998,65736.41576923078,63093.64854545455,21.7471855744795,-321012.5830620003,2128.8124123060616,72328.8385790881,61387.4004209119,2774.209999999992
2024-10-30,72344.74,88.43810000000303,66130.98269230769,63387.55290909091,23.397067714877632,-347898.5736220003,2085.6829542842,72555.33592422368,62362.738075776324,-391.66999999999825
2024-10-31,70292.01,-941.8253899999982,66447.67538461539,63684.44454545455,23.73901882635169,-377250.6765920003,2152.008457549615,72551.64423080435,63141.630769195646,-2052.7400000000052
2024-11-01,69496.01,-2213.543150000005,66704.44846153846,63963.26545454545,23.52798106015561,-415552.5441420003,2199.2085677246423,72401.27614458952,63920.9778554105,-796.0
2024-11-02,69374.74,-66.65817000000061,66979.47692307692,64226.98890909091,23.332017420116397,-426074.2165720003,2107.424384315739,71986.52865197178,64986.19734802822,-121.25999999999476
2024-11-03,68775.99,-440.5388899999998,67233.91923076923,64440.33418181819,22.241714481006447,-451069.9190020003,2093.4847854360437,71943.7913893158,65298.13461068421,-598.75
2024-11-04,67850.01,54.089670000001206,67511.38038461538,64626.04363636363,20.875925294308765,-480870.3108720003,2134.3073007620405,71927.096425574,65392.41657442598,-925.9800000000105
2024-11-05,69372.01,764.7043800000029,67859.28884615385,64844.84381818181,20.1353763673094,-447515.2419920003,2203.3767792790377,71992.36213975627,65502.35086024374,1522.0
2024-11-06,75571.99,2360.774066999991,68360.51923076923,65161.92872727273,21.41186254594251,-343388.2472050003,2553.278437901964,73494.16374509624,64815.57025490376,6199.9800000000105
2024-11-07,75857.89,-1258.5017549999975,68847.12192307692,65441.19945454546,22.707598947403756,-298518.8248600003,2544.757835194681,74737.68570105002,64315.037298949974,285.8999999999942
2024-11-08,76509.78,-1410.3123170000035,69371.72807692307,65741.504,23.999127816433575,-261997.72527700028,2480.4887041093466,75931.82718076764,63934.073819232384,651.8899999999994
2024-11-09,76677.46,-876.4926100000012,69779.16923076923,66060.51236363636,25.198404623389838,-245055.64612700028,2387.97808238725,76973.85186394122,63656.59613605878,167.68000000000757
2024-11-10,80370.01,3671.9239190000008,70290.54884615383,66463.34909090909,27.317487885934316,-183225.54569200028,2575.1225050738753,78784.24664495798,63145.452355042005,3692.5499999999884
2024-11-11,88647.99,3350.924852000011,71099.31730769231,66978.51272727273,30.281049532107367,-100901.87991600028,3056.508754711456,82827.48794344661,61224.41005655337,8277.98000000001
2024-11-12,87952.01,1878.7789909999992,71888.94153846154,67454.73127272728,33.07008869560777,-198201.7678270003,3185.9009865177804,85625.31475264681,60554.919247353195,-695.9900000000052
2024-11-13,90375.2,1920.8045270000002,72733.06461538462,67953.40781818182,35.938834221714124,-111437.9137000003,3468.1687731950815,88592.77520898623,59805.15079101377,2423.199999999997
2024-11-14,87325.59,-847.7988600000026,73461.81807692308,68392.03581818182,38.6026693530986,-168167.4245600003,3586.2845751097184,90268.17024562818,60192.481754371816,-3049.62000000001
2024-11-15,91032.07,1673.2710599999991,74307.975,68895.3650909091,41.08131020650631,-120239.4738800003,3671.3085340304524,92461.657110477,60392.925889523016,3706.4800000000105
2024-11-16,90586.92,274.75043000000005,75200.645,69386.42254545454,43.38290528467062,-142957.3507700003,3532.178638742563,94228.20109440725,60882.90390559273,-445.1600000000035
2024-11-17,89855.99,-161.99154999999882,76063.33692307692,69868.53163636364,44.72635082916453,-166824.9068600003,3474.736593118095,95660.12077483785,61440.36222516213,-731.9899999999907
2024-11-18,90464.08,712.7074799999973,76978.54576923077,70344.92036363637,46.12480578839531,-120279.8723800003,3456.3339793239456,97078.42358577394,61794.82541422607,608.1000000000058
2024-11-19,92310.79,595.6586279999974,77905.95,70875.08,47.58797857469536,-76619.8255600003,3462.917980800806,98610.0887810901,62259.76521890989,1846.7199999999866
2024-11-20,94286.56,-1352.5827879999997,78967.03576923077,71404.39945454545,49.05829506773109,-34416.626848000305,3453.5645536007482,100138.08433804174,63131.22466195827,1975.7599999999948
2024-11-21,98317.12,1619.7659770000027,80167.9726923077,71996.16618181819,50.84291147848047,34811.73362899969,3560.309942629266,102056.27756072572,64095.14243927426,4030.5599999999977
2024-11-22,98892.0,-769.9728570000007,81355.29192307692,72596.78436363637,52.551742792707685,81001.0428719997,3482.1378038700323,103631.32532105589,65471.82067894412,574.8800000000047
2024-11-23,97672.4,-2405.346269999998,82421.06846153845,73179.88236363637,54.13851472734724,56243.1992019997,3360.045817879316,104444.81727979117,67547.96972020884,-1219.6000000000058
2024-11-24,97900.04,-952.7348600000005,83388.9,73808.47236363636,54.73555902375278,87444.1775819997,3322.1304023165076,104639.35619864726,70358.43380135272,227.63999999999942
2024-11-25,93010.01,-3873.596860000005,84183.71807692308,74394.00381818182,53.61086296223856,36596.7266219997,3532.8075164367574,103799.17935185229,73562.4106481477,-4890.040000000008
2024-11-26,91965.16,381.80392000000575,85017.30076923079,74963.38345454544,51.74749839052883,-21262.0047580003,3579.1976938341313,103416.8985262588,75584.00847374121,-1044.8499999999913
2024-11-27,95863.11,-520.2624399999986,86031.42,75601.75436363637,50.52920153404028,19891.4225819997,3710.402858560265,103171.07857028191,77830.35042971809,3897.949999999997
2024-11-28,95643.98,796.8428499999973,87041.77538461538,76211.89945454546,49.39792588158663,-8923.1209880003,3582.802654377389,102548.78762367106,80366.06137632893,-219.13000000000466
2024-11-29,97460.0,-21.358870000000024,88145.00653846153,76855.57218181818,48.79270002295878,18778.661321999698,3559.3881790647183,101563.85036211995,83429.25263788002,1816.0099999999948
2024-11-30,96407.99,-352.0030000000006,89243.3903846154,77466.26454545454,48.230704582804336,4274.828261999697,3403.1418805600956,100598.65660036523,85998.24439963479,-1052.0099999999948
2024-12-01,97185.18,-708.8131399999993,90313.12769230768,78101.92236363636,47.497611052558604,21213.432781999698,3313.0688890915167,100884.92937854734,86565.69062145268,777.1899999999878
2024-12-02,95840.62,-314.8032699999967,91092.69038461539,78714.28836363635,46.14017520159064,-16745.2370280003,3343.20682558498,100817.99076925461,87421.49023074539,-1344.550000000003
2024-12-03,95849.69,-1149.0994900000005,91861.60576923077,79354.53690909091,44.471839257563246,19082.085801999696,3299.21705232891,100902.00436035193,87884.92563964806,9.080000000001746
2024-12-04,98587.32,216.66496000000188,92710.74192307693,80050.19018181818,43.67465665897709,62932.62308199969,3378.7136914482735,100840.38796343109,89072.71503656892,2737.6300000000047
2024-12-05,96945.63,2548.4270499999984,93490.28692307693,80675.74709090909,43.96843868981386,-46989.106580000305,4107.948427773396,100907.38690335574,89597.07209664426,-1641.6900000000023
2024-12-06,99740.84,-1050.2847800000018,94235.31884615385,81340.0129090909,44.24123628987657,-1939.5734800003047,4237.18568293244,101261.44466515192,90158.40633484807,2795.209999999992
2024-12-07,99831.99,-1378.8459000000003,94665.4726923077,82012.04872727273,44.49454834707767,12992.372419999696,4048.470991294408,101343.77469760747,91073.67630239253,91.15000000000873
2024-12-08,101109.59,-307.39342000000033,95171.53346153846,82648.87781818182,44.902574335251124,27605.369299999697,3951.6730633448074,101582.38154851983,91899.62045148018,1277.5999999999913
2024-12-09,97276.47,-3004.946409999997,95436.9669230769,83198.0110909091,43.158464327178855,-26343.746650000303,4174.116415963034,101385.23510732039,92593.33489267962,-3833.1300000000047
2024-12-10,96593.0,-2662.4976099999985,95793.40576923077,83724.79272727272,41.53893360539746,-78052.4359800003,4162.640957679961,101328.54409309619,92880.66990690379,-683.4799999999959
2024-12-11,101125.0,471.9082699999999,96181.59538461537,84337.57854545455,40.91851391462112,-40298.6530700003,4310.292317845678,101794.8885904077,92695.1134095923,4532.0
2024-12-12,100004.29,-880.31423,96543.80192307691,84911.69290909091,40.48294910038084,-69530.7405200003,4233.011437999558,101955.6471014834,92645.5838985166,-1120.7100000000064
2024-12-13,101424.25,-565.8519299999971,96988.735,85512.53381818182,40.029048034258025,-47626.7012900003,4122.814906713876,102478.37663258289,92498.03936741714,1419.9600000000064
2024-12-14,101420.0,-611.2097400000002,97410.11653846153,86101.40672727273,39.784775363335775,-61818.404550000305,3974.084556234313,102940.16641916598,92388.24558083403,-4.240000000005239
2024-12-15,104463.99,3108.866935000002,97877.54730769231,86775.70654545455,40.113047886509285,-39589.4827750003,3976.854230789005,103843.94755149272,92629.86244850728,3043.9900000000052
2024-12-16,106058.66,-604.2037399999972,98330.32038461539,87478.11854545455,40.87222548022686,1712.9199649996954,4011.3696428755056,104757.22028622385,93125.93971377613,1594.6699999999983
2024-12-17,106133.74,-690.2955739999998,98630.9596153846,88195.66563636363,41.670070140701974,30777.856430999695,3941.3796683843975,105875.14663368274,93035.07636631725,75.09000000001106
2024-12-18,100204.01,-3691.247049999998,98681.42153846154,88777.58800000002,40.10058765882953,-19530.141119000305,4125.922549214083,105865.03321238658,93501.19278761341,-5929.7300000000105
2024-12-19,97461.86,-1350.1237000000037,98673.32384615384,89336.92490909091,37.30768363229454,-74677.53911900031,4338.364509984506,105864.99248721919,93501.41951278082,-2742.149999999994
2024-12-20,97805.44,-3957.675279999996,98669.68538461538,89895.33727272727,35.43315727945907,-11793.403419000315,4457.085616414185,105815.64796923999,93690.50903076002,343.58000000000175
2024-12-21,97291.99,-29.659050000002026,98834.37692307694,90427.52436363637,33.325493164652976,-35276.94484900031,4363.1666438131715,105812.11252257823,93704.72547742176,-513.4499999999971
2024-12-22,95186.27,-767.0353800000012,98958.26576923077,90886.14363636365,31.876749984830635,-54630.77520900031,4279.921169255087,105870.1301163028,93581.2728836972,-2105.729999999996
2024-12-23,94881.47,-131.59993000000395,98920.51038461538,91288.78090909091,30.914036245372902,-87441.54223900032,4261.278228594009,105956.88055482434,93397.70044517567,-304.8099999999977
2024-12-24,98663.58,264.28291999999783,99036.64884615385,91767.30527272727,29.161168362125654,-63767.31735900032,4379.684783694437,105958.13367024458,93404.07332975541,3782.1100000000006
2024-12-25,99429.6,-461.1121000000003,99112.4026923077,92297.07963636363,27.510703133020147,-49293.15225900032,4205.216584859119,105957.98388977893,93652.62011022106,766.0200000000041
2024-12-26,95791.6,-1048.6222899999993,99088.69538461539,92775.18127272726,26.570809550602792,-70485.51952900032,4245.16968594061,106004.76575774566,93210.91424225434,-3638.0099999999948
2024-12-27,94299.03,-610.2311499999996,98977.68961538462,93228.3501818182,26.0791349621818,-96986.78381900032,4230.841136944853,106131.27779101867,92531.10620898135,-1492.570000000007
2024-12-28,95300.0,21.304619999998977,98956.89653846154,93710.60490909092,25.62257998721945,-88600.89091900032,4042.804627163078,106006.42964214875,92074.99535785124,1000.9700000000012
2024-12-29,93738.2,-2273.2340000000004,98875.6853846154,94181.29927272726,25.46076264372373,-102176.89669900032,3920.4957252228573,106171.11308940838,91556.48491059162,-1561.800000000003
2024-12-30,92792.05,-1435.0295800000022,98652.79038461538,94607.11818181818,25.642842505363735,-129796.31919900033,3890.0353162783676,106393.4852101976,90954.0177898024,-946.1399999999994
2024-12-31,93576.0,-236.0983899999992,98523.18923076923,94934.46381818182,25.34207438224289,-110184.28530900032,3913.337793687056,106234.82181399816,90357.78118600184,783.9499999999971
2025-01-01,94591.79,322.1468299999997,98325.14884615385,95275.08018181818,25.062789696487823,-99810.95917900032,3795.467236995123,106081.00947640523,89970.34352359477,1015.7899999999936
2025-01-02,96984.79,-138.5497600000017,98215.64115384615,95647.35309090909,23.800630100184797,-77840.46969900031,3770.6124343526144,105715.58885584545,89891.81814415456,2393.0099999999948
2025-01-03,98174.18,-316.6134199999997,98102.74076923076,96038.20254545454,22.244753651781043,-62586.64033900031,3706.7758318988567,105381.21268485916,89901.61231514085,1189.3899999999994
2025-01-04,98220.5,-288.4520900000007,98139.04961538462,96362.75690909091,20.800011235406124,-53596.58382900031,3532.266129620367,104419.53072636714,90238.94527363285,46.330000000001746
2025-01-05,98363.61,-339.81753000000026,98207.15000000001,96539.40454545454,19.542438321196897,-45500.94659900031,3391.3942632189132,102831.21093920726,91057.76006079273,143.10000000000582
2025-01-06,102235.6,-184.24307000000044,98249.8653846154,96799.10618181818,19.135589787265822,-20237.512849000308,3474.8661015604193,101567.49094412786,91931.66605587215,3871.9900000000052
2025-01-07,96954.61,-2429.646310000002,98132.57,96918.73181818181,18.121801108643417,-52297.388219000306,3693.987808591818,101139.96282462342,92034.25417537658,-5280.990000000005
2025-01-08,95060.61,-2096.9771199999977,97887.81461538462,97059.36854545453,17.608972499588916,-86002.0671590003,3770.685107978117,101047.85640672578,91886.23559327422,-1893.9900000000052
2025-01-09,92552.49,-3897.58359,97546.75653846156,97087.01254545453,17.478363658632773,-120546.90400900031,3799.825457408252,101043.23918563145,91365.55781436854,-2508.1199999999953
2025-01-10,94726.11,-247.98777999999947,97172.2226923077,97162.27054545455,17.191261252453156,-89064.03976900032,3787.693639021948,100928.83961566935,91223.36938433065,2173.6199999999953
2025-01-11,94599.99,-223.15088000000014,96731.5046153846,97248.52509090908,16.924666161000655,-96111.94406900031,3604.230521948952,100927.67388074272,91165.90711925729,-126.11000000000058
2025-01-12,94545.06,-550.2056000000007,96285.78615384616,97322.72472727274,16.514626653046886,-104718.8102890003,3470.9933418097417,100929.08577582234,91130.85422417766,-54.93000000000757
2025-01-13,94536.1,-3671.803390000001,96067.78961538461,97363.18490909091,17.365701622786514,-147338.3745190003,3700.444531680474,100607.95840917923,91039.23359082075,-8.970000000001164
2025-01-14,96560.86,650.7747899999995,96033.13576923076,97404.53581818182,17.578536687269402,-119491.75698900029,3652.1827794175833,100187.47368193952,91172.84431806048,2024.75
2025-01-15,100497.35,478.3656699999992,96136.67076923077,97444.17636363635,16.610706148508072,-88981.76519900029,3690.022580887756,100888.6775240127,90942.21547598728,3936.5
2025-01-16,99987.3,-805.7790299999979,96240.33653846153,97464.09090909091,15.651965494062688,-116814.6183690003,3678.701682252916,101415.49997866718,90984.22002133282,-510.0500000000029
2025-01-17,104077.48,2174.573080000002,96582.30615384615,97580.54690909092,15.711004712391281,-77642.76544900029,3838.3979906634218,102858.21055390123,90419.25744609877,4090.179999999993
2025-01-18,104556.23,-1092.8044999999984,96954.41230769231,97701.56854545456,15.765826843696402,-53334.935469000295,3757.893134187463,104134.22534834403,90225.04565165598,478.75999999999476
2025-01-19,101331.57,-1238.2613400000046,97057.0273076923,97852.86963636364,14.951125251968504,-96732.2184490003,3973.102910316929,104479.3559776364,90733.8670223636,-3224.659999999989
2025-01-20,102260.01,11.827252000002773,97165.88923076923,98040.04872727273,15.007527735153186,-7202.986717000298,4406.309845294291,104937.3440317718,91144.2799682282,928.4399999999878
2025-01-21,106143.82,513.034799999994,97564.05153846153,98226.97072727272,15.05990146953896,38738.033302999705,4600.271284916128,106166.94032795531,91069.88667204468,3883.820000000007
2025-01-22,103706.66,-1245.5064200000015,97925.88346153847,98373.56490909091,15.10853422289718,16489.340762999705,4489.919050279263,106775.80658832891,91133.20741167109,-2437.1600000000035
2025-01-23,103910.34,138.7326099999991,98257.05038461539,98490.84381818182,14.419200266136707,70442.46107299971,4568.333403830744,107342.79424976234,91139.83575023766,203.67999999999302
2025-01-24,104870.5,177.6808299999975,98685.21576923077,98644.70763636363,13.862071070426888,94051.70124299971,4554.166732128548,108018.98362675516,91128.64637324485,960.1499999999942
2025-01-25,104746.85,-143.11501000000135,99145.01576923077,98782.19254545456,13.344736817267767,84983.37747299971,4313.185536976509,108609.20064325246,91176.75335674753,-123.65999999998894
2025-01-26,102620.0,-528.1674399999993,99492.86192307693,98905.45400000001,12.506793902437147,75170.86509299971,4217.926570049615,108650.6654785192,91173.7285214808,-2126.8600000000006
2025-01-27,102082.83,-3699.685440000001,99780.97884615386,99018.78381818182,13.12848177876514,24412.730992999706,4308.233957903214,108845.62997173738,91491.58602826261,-537.179999999993
2025-01-28,101335.52,-508.76282999999967,99948.31461538462,99068.75109090908,13.499349109545333,2390.6733429997075,4252.454389481556,108846.02334956246,92118.68365043754,-747.3099999999977
2025-01-29,103733.24,194.98561999999947,100162.12461538463,99192.16218181817,13.466473990324872,25546.031362999707,4195.4697902328735,108672.77273781817,93410.00926218183,2397.720000000001
2025-01-30,104722.94,907.7819600000003,100412.21846153846,99282.74581818181,12.82454475224962,44920.10608299971,4122.857662359098,108750.4506901995,94332.01430980049,989.6900000000023
2025-01-31,102429.56,-588.3825699999979,100568.60115384615,99329.97436363636,12.755316557379823,22936.92415299971,4146.367829333448,108404.29974703453,95461.12225296546,-2293.3800000000047
2025-02-01,100635.65,-1039.1708499999986,100507.0646153846,99321.35727272727,13.058381488676842,10645.96668299971,4029.0701272382025,107798.85034187554,96675.63065812446,-1793.9100000000035
2025-02-02,97700.59,-3445.166009999999,100535.75615384616,99329.06854545456,14.338745209013315,-23973.53270700029,4120.322261006903,107200.26370705607,97590.66629294392,-2935.070000000007
2025-02-03,101328.52,-1691.5995800000092,100776.82961538463,99415.1689090909,16.40381832345985,51191.20579299972,4630.942813792124,106668.4404232779,98599.25557672209,3627.9300000000076
2025-02-04,97763.13,-2084.8238899999997,100977.23884615385,99354.044,18.32138621544592,10923.21882299972,4698.897612806972,106973.18776581933,98021.08623418071,-3565.37999999999
2025-02-05,96612.43,-4168.200959999998,101049.78961538461,99292.3738181818,20.101984972290126,-15310.08561700028,4577.119211892188,107386.77584269404,97270.01115730597,-1150.7100000000064
2025-02-06,96554.35,-992.1430700000019,101124.95730769231,99203.83018181818,21.84105387689658,-38825.28966700028,4496.136411042747,107526.93986436793,96377.53413563206,-58.08999999999651
2025-02-07,96506.8,-1295.51325,101200.40884615386,99114.49927272728,22.979320730201355,-70619.51031700028,4497.673095968265,107466.16471811631,95633.3662818837,-47.55000000000291
2025-02-08,96444.74,-1246.1893,101273.81807692308,98968.69472727273,24.036282808270073,-80766.75325700028,4261.5535891133895,107627.42556987678,94983.42243012322,-62.05999999999767
2025-02-09,96462.75,-793.4586299999992,101270.04461538463,98794.22363636363,25.23465633720117,-66645.83712700028,4143.591904176718,107659.3304889441,94371.7915110559,18.0
2025-02-10,97430.82,-1357.6287900000025,101152.10115384616,98635.98872727274,25.822293554904427,-46072.96175700028,4068.263911021238,106958.84311011253,94200.97888988745,968.070000000007
2025-02-11,95778.2,-1458.7624700000015,100990.21269230769,98555.51945454544,26.46507127864575,-64720.725547000286,4034.926488805435,106719.39986671096,93647.57613328904,-1652.62000000001
2025-02-12,97869.99,-1509.7551899999999,100751.46307692307,98562.94,27.2657213679508,-35569.55929700029,4034.7003110336186,106256.88068926691,93506.06031073308,2091.779999999999
2025-02-13,96608.14,-2217.451860000001,100445.7673076923,98541.1709090909,28.00918216516263,-55491.33545700029,3951.261003102646,105561.63114091121,93375.0738590888,-1261.8600000000006
2025-02-14,97500.48,-50.39282000000094,100298.41769230769,98544.96163636363,28.251211602009317,-37318.30899700029,3852.826645738171,104745.6211371729,93466.44686282713,892.3499999999913
2025-02-15,97569.66,-191.0927900000006,100118.0196153846,98588.296,28.475953221938386,-29968.93216700029,3631.1018853283013,104289.7272001628,93417.30679983721,69.19000000000233
2025-02-16,96118.12,-751.9636399999999,99732.41576923078,98610.78054545456,29.063898878768008,-38160.35706700029,3490.186750661994,103903.86921505537,93206.69378494465,-1451.550000000003
2025-02-17,95780.0,-471.21380000000045,99427.54423076923,98558.35181818182,29.863932418972635,-54652.402167000284,3372.429839900423,103596.64497724717,92958.36602275283,-338.11999999999534
2025-02-18,95671.74,-503.24737000000096,99110.67499999999,98490.02709090908,31.10013772606734,-78020.59687700028,3371.9577084789644,102675.30145610885,93073.55954389116,-108.26999999998952
2025-02-19,96644.37,-2091.273399999998,98794.28538461539,98505.53199999999,32.143851612195284,-61582.08733700028,3264.6750150161815,101119.87486354448,93821.12913645554,972.6299999999901
2025-02-20,98305.0,-344.5345899999993,98546.52192307691,98578.36781818181,31.896483426154777,-44524.69556700028,3195.5032282293114,100157.13218493872,94371.4158150613,1660.6300000000047
2025-02-21,96181.98,-1622.1177200000002,98298.90576923077,98594.40381818182,32.16015974463211,-76773.97696700029,3296.0422833557896,99517.73943479575,94565.44156520427,-2123.029999999999
2025-02-22,96551.01,-681.6160600000003,98086.14346153846,98645.54581818181,32.40500204036106,-65505.799887000285,3147.00426311609,99449.75056172864,94518.47243827136,369.0199999999895
2025-02-23,96258.0,-1644.9837900000002,97890.85423076923,98708.56309090908,32.807147130050694,-76390.64901700028,3023.793958607798,98197.87715169378,95263.29384830622,-293.00999999999476
2025-02-24,91552.88,-2672.8356700000004,97422.37884615385,98671.77909090908,34.18218381778325,-107940.75200700028,3175.7186758500984,99049.85815482834,93790.28784517167,-4705.119999999995
2025-02-25,88680.4,-6688.805609999996,96805.35807692308,98564.29927272726,36.31428802266856,-186273.86311700026,3412.431627575091,100296.6092637098,91750.3337362902,-2872.4800000000105
2025-02-26,84250.09,-739.1750900000043,96106.14769230768,98332.75927272727,38.70910789660894,-243167.40720700027,3679.9822256054417,102072.48345108947,88744.03354891055,-4430.300000000003
2025-02-27,84708.58,-1794.0150099999955,95493.56807692308,98087.93018181818,40.932869208125005,-200661.95281700027,3728.695638062196,102922.3699310072,86714.32506899281,458.49000000000524
2025-02-28,84349.94,-3198.33395,94980.08153846153,97835.73818181817,43.38634742078433,-284309.9925070003,3952.465949629182,103465.67852741157,84961.53647258846,-358.63000000000466
2025-03-01,86064.53,-2288.839259999997,94393.00499999999,97612.11854545453,44.92633717448909,-258524.9378670003,3865.3769532270976,103531.85450481599,83855.53849518402,1714.5800000000017
2025-03-02,94270.0,3658.530169999998,94258.65384615384,97467.28945454545,43.156904248289656,-203635.84741700027,4299.95002799659,103229.08893872402,83842.222061276,8205.460000000006
2025-03-03,86220.61,-3340.229180000002,93858.96846153846,97272.12581818181,41.513859388247326,-262806.94959700026,4657.050025996834,103194.1142703721,82921.4377296279,-8049.380000000005
2025-03-04,87281.98,-439.6752600000036,93502.33884615384,97130.69618181819,40.66627464300554,-207197.84253700025,4857.797881282774,102709.96560882748,82346.78539117251,1060.8199999999924
2025-03-05,90606.01,196.55709000000206,93275.38538461538,97095.30563636364,39.25767295615608,-168933.83090700026,4844.060175476862,102263.94155577975,82192.59644422025,3324.029999999999
2025-03-06,89931.89,225.53919999999925,93024.89115384615,97008.13799999999,37.42705238450458,-203276.27992700026,4853.3873057999435,101629.27290064107,82070.40609935894,-674.1100000000006
2025-03-07,86801.75,-1191.526389999999,92653.31423076923,96866.35181818182,36.358655588577264,-261256.63705700025,4979.287498242805,100956.71283966703,81666.17516033298,-3130.1300000000047
2025-03-08,86222.45,-6.098920000000362,92222.22307692307,96715.03163636364,35.36657284950191,-274245.86759700027,4743.536962654033,100440.10651972573,81193.21448027427,-579.2900000000081
2025-03-09,80734.37,-1927.6488099999988,91643.61423076924,96464.0910909091,35.350889415759205,-300361.26104700024,4868.998608178745,100347.88871314912,79780.86928685085,-5488.090000000011
2025-03-10,78595.86,-1836.2426100000012,90902.30153846153,96137.45472727272,35.70203756995531,-347994.64509700023,4997.180850451691,100294.42916060137,78126.74083939861,-2138.6199999999953
2025-03-11,82932.99,-711.7331299999933,90376.33423076922,95818.10272727274,36.14666201719707,-299224.57656700024,5141.053646847999,99378.63244213641,77671.3995578636,4337.130000000005
2025-03-12,83680.12,-435.15195999999924,89844.78192307692,95521.60854545454,36.24207415464339,-267290.59056700027,5054.706957787428,97854.94016105279,77732.60383894721,747.1299999999901
2025-03-13,81115.78,-1519.9114199999967,89211.94038461539,95104.1230909091,36.43708517626719,-294836.8646870003,5007.6871750883265,96725.70384936768,77355.22015063232,-2564.3399999999965
2025-03-14,83983.2,1307.2462100000012,88745.21269230769,94730.06799999998,36.260212206960546,-267978.3371370003,4970.771662582018,95130.08025969108,77694.0627403089,2867.4199999999983
2025-03-15,84338.44,-934.1506399999998,88305.15269230769,94421.102,36.0959730211758,-256653.6039370003,4691.307972397588,93303.0451855828,78329.1418144172,355.25
2025-03-16,82574.53,-584.2189699999981,87801.41384615385,94063.18418181819,36.25341262374973,-274249.7292470003,4580.208831512046,92492.32447358401,78242.027526416,-1763.9100000000035
2025-03-17,84010.03,-438.9613599999975,87315.47769230769,93660.75163636364,36.39960654042552,-257034.9856670003,4417.396057832614,92113.80761367777,78153.50738632224,1435.5099999999948
2025-03-18,82715.03,-1516.4304699999984,86715.86346153847,93279.08563636364,36.790752706001214,-274645.8844970003,4308.0877679874275,92107.6310589285,78006.17794107148,-1294.9900000000052
2025-03-19,86845.94,-542.5567999999985,86356.785,92968.82381818183,35.904248397137664,-246494.8307570003,4318.427213131183,92254.81794786421,78072.7270521358,4130.9100000000035
2025-03-20,84223.39,-1763.1193899999998,85882.64576923077,92593.42181818183,34.904902506884525,-268585.1353870003,4281.285269336098,92251.60912104348,78063.2808789565,-2622.5399999999936
2025-03-21,84088.79,-1024.1352100000004,85414.59923076922,92217.82072727272,34.1001659830672,-280542.1098170003,4095.127750097806,92154.57042569866,77962.74557430133,-134.59000000001106
2025-03-22,83840.59,-851.8375799999994,85117.9726923077,91876.3769090909,33.35291063952254,-285962.33095700026,3867.9093393765334,90246.05961855687,78828.3153814431,-248.1999999999971
2025-03-23,86082.5,387.6421300000002,85018.05346153847,91585.46181818181,31.96789161094208,-277500.35282700026,3757.3365294210666,90231.32102847061,78829.24297152937,2241.9100000000035
2025-03-24,87498.16,-1355.7095499999996,85142.97923076923,91333.87345454545,29.68475648533295,-247384.73171700025,3720.8367773195614,90263.73638951674,78818.44561048326,1415.6600000000035
2025-03-25,87392.87,-3762.1265999999996,85246.22115384616,91036.77581818182,27.564702440124478,-270027.9841970003,3614.3220075110216,89568.43050782624,79192.43749217375,-105.29000000000815
2025-03-26,86909.17,-1226.8297899999998,85344.65307692307,90712.8890909091,25.764739337271912,-288436.76904700027,3528.656149831663,88913.2181328359,79545.37786716409,-483.7100000000064
2025-03-27,87232.01,-727.9286300000022,85389.55615384615,90436.56999999999,24.11698858731803,-271338.7300770003,3416.351424843687,88985.47155664368,79516.15044335632,322.8399999999965
2025-03-28,84424.38,-4633.0569700000015,85010.87846153845,90141.81963636364,23.412461406046337,-298521.46176700026,3453.0884659262806,88809.91096307426,79511.90403692574,-2807.62999999999
2025-03-29,82648.54,-453.18894,84873.49115384616,89868.146,23.375351314024076,-310217.8604070003,3419.2907183601174,88693.48561438102,79819.746385619,-1775.840000000011
2025-03-30,82389.99,-414.3529800000015,84685.33769230769,89523.8090909091,23.36536527838629,-320082.3554870003,3315.7442384772517,88165.17777775903,80727.46722224096,-258.5399999999936
2025-03-31,82550.01,-743.3751699999993,84375.49153846153,89247.2069090909,23.145674491839085,-299513.2166370003,3269.2310785860195,88180.7828308351,80673.5641691649,160.00999999999476
2025-04-01,85158.34,302.45598999999856,84191.89346153846,89038.95072727274,22.138359900752413,-279322.8196670003,3260.480287258447,88251.15580180484,80751.01319819516,2608.3399999999965
2025-04-02,82516.29,1547.8991800000003,84027.06807692308,88783.71327272727,21.09754862738989,-319254.2766670003,3469.0174095971292,88112.18963987273,81030.03036012728,-2642.060000000012
2025-04-03,83213.09,565.2144900000021,83911.32346153844,88542.00945454545,19.68062782755607,-291916.4353170003,3420.2861660544772,88114.92642191883,80950.28257808117,696.8099999999977
2025-04-04,83889.87,-1123.1641799999998,84032.68884615383,88313.73909090908,18.64342231846146,-259000.8955570003,3394.622868479157,88102.68205548511,80917.66994451487,676.7799999999988
2025-04-05,83537.99,-1301.111519999999,84222.77076923077,88078.74345454545,17.680302917159324,-268361.3002370003,3286.867663587789,88070.6845823778,81046.0134176222,-351.8799999999901
2025-04-06,78430.0,-2955.0245600000017,84049.57884615386,87733.27399999999,17.919009855623838,-296304.01459700026,3528.077116188662,88692.54763632244,79866.14736367756,-5107.990000000005
2025-04-07,79163.24,-235.84540999999444,83875.85269230769,87431.18381818183,18.81490915503446,-217916.48370700027,3757.184465032329,89010.49273140947,79193.02326859054,733.2400000000052
2025-04-08,76322.42,-3907.860010000002,83691.49269230767,87039.40981818181,19.646815647344322,-253233.80433700027,3819.3920032443066,89370.90294928882,77780.26105071117,-2840.820000000007
2025-04-09,82615.22,3494.9714400000084,83638.87807692308,86784.99309090909,19.257007727614287,-177745.51661700028,4187.1497172982845,89296.93278413209,77693.41421586792,6292.800000000003
2025-04-10,79607.3,-604.9689800000051,83456.91115384616,86459.66254545454,18.89504323072211,-211030.32379700028,4194.41402320555,89305.35199646925,77236.84600353075,-3007.9199999999983
2025-04-11,83423.84,1603.729370000001,83489.57692307692,86202.46581818182,17.93898233111734,-176594.88582700028,4275.557307262296,89279.38037281824,77221.14262718175,3816.5399999999936
2025-04-12,85276.9,582.7085100000004,83538.3026923077,86005.35272727272,16.854038895851087,-158124.14145700028,4192.449642457846,89173.2794304017,77246.68356959832,1853.0699999999924
2025-04-13,83760.0,-1362.6836299999995,83578.49384615384,85786.80727272727,15.91702256940827,-182804.18326700028,4111.972525139428,88662.57639523582,77383.57060476417,-1516.9100000000035
2025-04-14,84591.58,1734.0851000000002,83491.7876923077,85585.34981818183,15.04693598056851,-154145.08978700027,3969.830916200898,88212.03694950059,77553.98105049942,831.5800000000017
2025-04-15,83643.99,-32.27383999999802,83469.50307692308,85348.97927272727,14.51612925486967,-175056.08506700027,3893.158707900834,87736.29749993683,77703.20250006317,-947.5899999999965
2025-04-16,84030.38,46.29280999999901,83467.25653846153,85089.44072727273,13.79618729199795,-154188.83987700025,3785.6730859079175,87178.61823023237,77940.71876976763,386.3899999999994
2025-04-17,84947.91,-880.0164199999999,83509.84576923077,84885.18490909091,13.127669755045636,-140459.99215700026,3639.107151200209,87252.45677629151,77919.23322370849,917.5299999999988
2025-04-18,84474.69,-706.3860299999997,83448.00692307693,84665.61545454545,12.506903470732775,-146989.95530700026,3438.322354685908,87416.00026993285,77938.30473006715,-473.2299999999959
2025-04-19,85077.01,1166.0202100000006,83354.88576923076,84462.32472727273,12.200824102918132,-137323.37377700026,3286.552186494058,87661.23010730206,77961.77689269795,602.3099999999977
2025-04-20,85179.24,-404.71097000000054,83269.74615384615,84346.44036363636,11.67387504083706,-129231.69652700027,3149.7441731730532,87898.59605146281,77987.33394853718,102.24000000000524
2025-04-21,87516.23,2659.4249200000013,83293.09461538462,84325.27363636364,12.571641887330818,-97458.32390700027,3161.9931608035504,88324.3237527162,77797.39524728378,2336.9899999999907
2025-04-22,93442.99,1682.7938900000008,83531.97846153846,84492.41727272728,14.891876235806986,-53585.57685700028,3422.7057921747255,90536.01429607358,76678.37470392644,5926.770000000004
2025-04-23,93691.08,-1148.052599999999,83888.39,84655.73545454546,17.212116757842843,-26181.408777000277,3375.4153784479595,92329.66379637897,75932.52420362103,248.0899999999965
2025-04-24,93980.47,-2366.69815,84324.23346153846,84830.83600000001,19.205951583161095,-6684.3480670002755,3301.813565701677,93887.04272021461,75384.20527978541,289.3999999999942
2025-04-25,94638.68,-1356.2237600000008,84795.33692307693,84986.72963636364,21.42863550380641,20816.318412999724,3273.261168151556,95394.95960003679,74986.35739996322,658.2099999999919
2025-04-26,94628.0,-1102.619490000001,85259.875,84993.23872727272,23.492556287262776,11401.249662999724,3134.336084712159,96497.00509620633,75504.11190379367,-10.679999999993015
2025-04-27,93749.3,-662.66662,85590.29653846154,85130.12399999998,25.231635864472114,238.40866299972367,3036.6277929470048,97251.58539850877,76208.13760149122,-878.6999999999971
2025-04-28,95011.18,1096.018329999999,86070.86923076924,85270.65490909092,26.312449365856025,22395.942172999727,3021.867950593648,97627.58489175598,77701.01410824401,1261.8899999999994
2025-04-29,94256.82,-2729.9708199999986,86495.62807692308,85337.03327272726,27.316061902855374,5440.601972999728,2928.805239836959,98321.36892138887,78171.39007861115,-754.359999999986
2025-04-30,94172.0,-874.8426999999974,86891.09461538462,85414.12618181817,27.672970264262016,-12220.673127000271,2885.208436991462,98539.13036441975,79410.09863558025,-84.82000000000698
2025-05-01,96489.91,471.2927299999974,87389.24538461538,85590.27454545454,28.68159751127532,9159.78030299973,2914.3785486349298,99369.91243896278,79885.92356103723,2317.9100000000035
2025-05-02,96887.14,-25.07748999999967,88099.13538461538,85784.178,29.748678031171853,24065.52841299973,2816.614366589577,100223.99130239326,80192.86869760675,397.24000000000524
2025-05-03,95856.42,-1864.53858,88741.18076923078,86059.12436363637,30.318637673811285,14342.180032999731,2699.903340404607,100657.62719907289,80968.87480092712,-1030.7100000000064
2025-05-04,94277.62,-2265.7137000000002,89431.7653846154,86344.24727272728,29.80529728574549,3305.796612999731,2660.8459589471345,100817.64131614707,81777.4646838529,-1578.800000000003
2025-05-05,94733.68,-451.88479000000007,89897.86,86558.80527272727,28.946568845557408,20556.97850299973,2591.1355333080533,100799.00669282228,82905.06830717773,456.06999999999243
2025-05-06,96834.02,-1110.73045,90560.42615384616,86797.96709090908,28.8080949413702,36679.623632999734,2659.1722809289063,100926.51202998818,84057.92697001183,2100.340000000011
2025-05-07,97030.5,-11.349119999998948,91083.75923076922,87087.32563636362,28.960405301679494,53324.46217299973,2608.3306894339844,100996.55643292927,85196.14156707074,196.47999999999593
2025-05-08,103261.6,2132.4317100000044,91775.47846153846,87437.842,30.65289092240769,88286.49064299974,2941.2692116172716,102078.30989587547,85993.07910412452,6231.100000000006
2025-05-09,102971.99,1433.0085500000023,92514.40115384616,87776.63381818183,32.26253528085821,60669.091572999736,2877.3328393588954,102766.33714224174,87094.54985775825,-289.61999999999534
2025-05-10,104809.53,1191.6834500000023,93292.01461538461,88180.90654545453,33.87039900872098,75993.87768299974,2826.509779404689,103531.0014040565,88292.9145959435,1837.5399999999936
2025-05-11,104118.0,156.78959000000032,94079.47653846155,88546.50600000001,35.363415327450696,58006.75571299974,2740.826223732926,104135.54432259541,89348.54867740459,-691.5299999999988
2025-05-12,102791.32,1639.2180200000003,94801.05115384614,88911.52945454545,35.18027904709957,26733.977792999736,2909.415779180574,104886.17352810745,89532.75247189256,-1326.679999999993
2025-05-13,104103.72,158.5328100000006,95537.81307692308,89225.30727272727,35.01022392963066,47987.40188299974,2954.925366381962,105784.78344488297,89675.40655511704,1312.3999999999942
2025-05-14,103507.82,-400.84144000000015,96269.85653846154,89575.93327272727,34.85231560626668,31534.493782999736,2869.2092687832496,106442.65006894874,89970.27493105124,-595.8999999999942
2025-05-15,103763.71,-1048.6253199999992,96988.57576923075,89933.65909090909,33.98447145071538,49533.47982299974,2864.9536067273025,107067.05273113682,90258.3752688632,255.88000000000466
2025-05-16,103463.9,-573.5642200000002,97691.83192307694,90290.44654545456,33.308138983238514,33849.59958299974,2763.8740633896377,107542.9136009033,90666.10439909669,-299.8100000000122
2025-05-17,103126.65,-580.6657200000009,98292.2326923077,90600.34018181819,32.38373649293677,22598.70336299974,2644.837344576092,107809.10331894929,91337.64968105071,-337.25
2025-05-18,106454.26,1729.8108199999988,98792.66615384615,90944.99654545453,32.53941785581078,44198.69062299974,2709.8425342492287,108620.45466512903,91670.60633487099,3327.6100000000006
2025-05-19,105573.74,-1843.4172400000025,99249.69153846154,91275.55781818181,32.03911124909841,13938.65538299974,2881.183781802855,109048.12180176131,92374.63119823868,-880.5299999999988
2025-05-20,106849.99,995.442750000002,99744.67307692308,91638.11818181818,31.64704876087469,37644.13813299974,2899.333511674079,109523.16289459348,93167.38910540652,1276.2600000000093
2025-05-21,109643.99,1792.2584449999995,100321.80038461539,92045.60872727273,32.30357107117335,83175.17847799974,3027.7646894116456,110617.29081783489,93388.66918216513,2793.9900000000052
2025-05-22,111696.21,1538.3527299999987,100978.27,92541.4601818182,33.19425009466815,114805.95160799974,3011.683640167957,111993.87365758588,93492.99334241412,2052.220000000001
2025-05-23,107318.3,-3119.090049999999,101500.15461538461,92990.00127272728,32.71979205490674,83068.22851799974,3153.7062372988175,112202.27934699981,94430.77565300018,-4377.919999999998
2025-05-24,107761.91,791.2836500000012,101990.56730769231,93451.30890909092,32.27922387512829,99850.75980799974,3116.342934634616,112037.49541202704,95943.98858797296,443.6100000000006
2025-05-25,109004.19,-1975.7127099999998,102557.77384615385,93932.294,31.72015404509975,117560.80675799974,3086.557725017858,111817.77990335877,97590.75509664121,1242.2900000000081
2025-05-26,109434.79,-46.89017000000058,103144.80423076924,94373.68400000001,31.5680195660624,132209.92268799973,2991.206458945154,111745.36473855165,98923.24726144837,430.5899999999965
2025-05-27,108938.17,-1336.870930000001,103623.58346153845,94854.08181818182,30.77842303413189,110933.26633799972,3006.2224261633564,111267.35532223369,100592.02367776632,-496.6100000000006
2025-05-28,107781.78,-1879.2414700000008,104042.60807692308,95300.78527272728,29.64442479398082,95299.47804799973,2971.1543957231165,111404.38059034929,100907.01640965074,-1156.3899999999994
2025-05-29,105589.75,-919.7140399999989,104416.96692307692,95695.32854545455,27.865145005911636,75464.77688799973,3013.861224600037,111338.02160199956,101235.15139800045,-2192.029999999999
2025-05-30,103985.48,-1564.5230699999993,104790.34615384616,96067.1010909091,26.290793819925078,51758.27889799973,2990.8797085571773,111357.41735764922,101133.3506423508,-1604.270000000004
2025-05-31,104591.88,-731.4557199999999,105169.5076923077,96542.77163636364,25.05790115884222,63047.638117999726,2908.063300803093,111345.72078692979,101192.43521307023,606.4100000000035
2025-06-01,105642.93,-428.9986599999993,105508.31192307694,97024.22054545455,23.4434802296981,72757.33817799973,2851.374493602872,111243.88752110743,101579.42947889255,1051.0499999999884
